[{"pk": 1, "model": "contenttypes.contenttype", "fields": {"model": "permission", "name": "permission", "app_label": "auth"}}, {"pk": 2, "model": "contenttypes.contenttype", "fields": {"model": "group", "name": "group", "app_label": "auth"}}, {"pk": 3, "model": "contenttypes.contenttype", "fields": {"model": "user", "name": "user", "app_label": "auth"}}, {"pk": 4, "model": "contenttypes.contenttype", "fields": {"model": "contenttype", "name": "content type", "app_label": "contenttypes"}}, {"pk": 5, "model": "contenttypes.contenttype", "fields": {"model": "session", "name": "session", "app_label": "sessions"}}, {"pk": 6, "model": "contenttypes.contenttype", "fields": {"model": "logentry", "name": "log entry", "app_label": "admin"}}, {"pk": 7, "model": "contenttypes.contenttype", "fields": {"model": "hut", "name": "hut", "app_label": "huts"}}, {"pk": 8, "model": "contenttypes.contenttype", "fields": {"model": "region", "name": "region", "app_label": "huts"}}, {"pk": 9, "model": "contenttypes.contenttype", "fields": {"model": "agency", "name": "agency", "app_label": "huts"}}, {"pk": 1, "model": "huts.hut", "fields": {"updated": "2013-03-13", "name": "Elkton Hut", "created": "2013-03-13", "region": 1, "agency": 1, "location": "POINT (-107.0373100000000051 38.9635000000000034)", "photo_url": "", "hut_references": "", "hut_url": "http://www.visitcrestedbutte.com/businesspage.cfm?businessid=294", "accuracy": 2}}, {"pk": 2, "model": "huts.hut", "fields": {"updated": "2013-03-13", "name": "Silver Jewel", "created": "2013-03-13", "region": 1, "agency": 1, "location": "POINT (-107.0373100000000051 38.9635000000000034)", "photo_url": "", "hut_references": "", "hut_url": "http://www.visitcrestedbutte.com/businesspage.cfm?businessid=294", "accuracy": 2}}, {"pk": 3, "model": "huts.hut", "fields": {"updated": "2013-03-13", "name": "Miner's Delight", "created": "2013-03-13", "region": 1, "agency": 1, "location": "POINT (-107.0373100000000051 38.9635000000000034)", "photo_url": "", "hut_references": "", "hut_url": "http://www.visitcrestedbutte.com/businesspage.cfm?businessid=294", "accuracy": 2}}, {"pk": 4, "model": "huts.hut", "fields": {"updated": "2013-03-13", "name": "Shriner Peak Lookout", "created": "2013-03-13", "region": 2, "agency": 2, "location": "POINT (-121.5305400000000020 46.8136200000000002)", "photo_url": "http://farm9.staticflickr.com/8171/7984632202_c7daf386a3_o_d.jpg", "hut_references": "http://www.summitpost.org/shriner-peak-wa/154842", "hut_url": "http://www.nps.gov/mora/planyourvisit/shriner-peak.htm", "accuracy": 3}}, {"pk": 5, "model": "huts.hut", "fields": {"updated": "2013-03-13", "name": "Mount Fremont Lookout", "created": "2013-03-13", "region": 2, "agency": 2, "location": "POINT (-121.6754600000000011 46.9337900000000019)", "photo_url": "http://upload.wikimedia.org/wikipedia/commons/9/92/The_lonely_outpost_of_Mt._Fremont_lookout_in_Mt._Rainier_National_Park.jpg", "hut_references": "http://en.wikipedia.org/wiki/Mt._Fremont_Fire_Lookout", "hut_url": "http://www.nps.gov/mora/planyourvisit/mount-fremont-lookout.htm", "accuracy": 3}}, {"pk": 6, "model": "huts.hut", "fields": {"updated": "2013-03-13", "name": "Tolmie Peak Lookout", "created": "2013-03-13", "region": 2, "agency": 2, "location": "POINT (-121.8808700000000016 46.9575499999999977)", "photo_url": "http://farm9.staticflickr.com/8301/7791926910_f1406f048a_o.jpg", "hut_references": "http://www.wta.org/go-hiking/hikes/tolmie-peak", "hut_url": "http://www.nps.gov/mora/planyourvisit/tolmie-peak.htm", "accuracy": 3}}, {"pk": 7, "model": "huts.hut", "fields": {"updated": "2013-03-13", "name": "Gobblers Knob Lookout", "created": "2013-03-13", "region": 2, "agency": 2, "location": "POINT (-121.9147200000000026 46.7940600000000018)", "photo_url": "http://farm4.staticflickr.com/3451/3837391841_822887cff5_b.jpg", "hut_references": "http://en.wikipedia.org/wiki/Gobbler%27s_Knob_Fire_Lookout", "hut_url": "http://www.nps.gov/mora/planyourvisit/gobblers-knob-trail.htm", "accuracy": 3}}, {"pk": 8, "model": "huts.hut", "fields": {"updated": "2013-03-13", "name": "Sourdough Mountain Lookout", "created": "2013-03-13", "region": 2, "agency": 3, "location": "POINT (-121.1093599999999952 48.7426299999999983)", "photo_url": "http://upload.wikimedia.org/wikipedia/commons/5/51/Sourdough_mountain_lookout.JPG", "hut_references": "http://www.firelookout.com/wa/sourdough.html", "hut_url": "http://www.nps.gov/noca/planyourvisit/sourdough-mountain-trail.htm", "accuracy": 3}}, {"pk": 9, "model": "huts.hut", "fields": {"updated": "2013-03-13", "name": "Desolation Peak Lookout", "created": "2013-03-13", "region": 2, "agency": 3, "location": "POINT (-121.0164299999999997 48.9112799999999979)", "photo_url": "http://upload.wikimedia.org/wikipedia/commons/e/e8/DesolationPeakLookout.jpg", "hut_references": "http://en.wikipedia.org/wiki/Desolation_Peak_(Washington)", "hut_url": "http://www.nps.gov/noca/planyourvisit/desolation-peak-trail.htm", "accuracy": 3}}, {"pk": 10, "model": "huts.hut", "fields": {"updated": "2013-03-13", "name": "Copper Mountain Lookout", "created": "2013-03-13", "region": 2, "agency": 3, "location": "POINT (-121.4626300000000043 48.9084399999999988)", "photo_url": "http://farm3.staticflickr.com/2667/5740316649_a12d3e7bc6_o.jpg", "hut_references": "http://en.wikipedia.org/wiki/Copper_Mountain_Fire_Lookout", "hut_url": "http://www.nps.gov/noca/planyourvisit/copper-ridge-trail.htm", "accuracy": 3}}, {"pk": 11, "model": "huts.hut", "fields": {"updated": "2013-03-13", "name": "Dodger Point Lookout", "created": "2013-03-13", "region": 3, "agency": 4, "location": "POINT (-123.5099100000000050 47.8740900000000025)", "photo_url": "http://upload.wikimedia.org/wikipedia/commons/3/3e/Dodger_Point_Lookout_ONP1.jpg", "hut_references": "http://www.wta.org/go-hiking/trip-reports/tripreport-2006082402", "hut_url": "http://www.firelookout.com/wa/dodgerpoint.html", "accuracy": 3}}, {"pk": 12, "model": "huts.hut", "fields": {"updated": "2013-03-13", "name": "Miners Ridge Lookout", "created": "2013-03-13", "region": 2, "agency": 5, "location": "POINT (-121.0289099999999962 48.2070900000000009)", "photo_url": "http://www.darringtonwatourism.com/_/rsrc/1313122008362/darrington-scenic-adventures/hiking-trails/pacific-crest-trail/viewer%203.png", "hut_references": "", "hut_url": "http://www.fs.usda.gov/recarea/giffordpinchot/recreation/climbing/recarea/?recid=17698&actid=51", "accuracy": 3}}, {"pk": 13, "model": "huts.hut", "fields": {"updated": "2013-03-13", "name": "High Rock Lookout", "created": "2013-03-13", "region": 2, "agency": 5, "location": "POINT (-121.9021500000000060 46.6841200000000001)", "photo_url": "http://farm4.staticflickr.com/3505/4010547336_8f1ee06654_o.jpg", "hut_references": "http://www.summitpost.org/high-rock-wa/154273", "hut_url": "http://www.fs.usda.gov/recarea/giffordpinchot/recreation/hiking/recarea/?recid=31300&actid=50", "accuracy": 3}}, {"pk": 14, "model": "huts.hut", "fields": {"updated": "2013-03-13", "name": "Red Mountain Lookout", "created": "2013-03-13", "region": 2, "agency": 5, "location": "POINT (-121.8211100000000044 45.9347300000000018)", "photo_url": "", "hut_references": "http://www.columbian.com/news/2011/sep/14/Indian-Heaven-Wilderness-Red-Mountain/", "hut_url": "http://www.firelookout.org/red-mountain.pdf", "accuracy": 3}}, {"pk": 15, "model": "huts.hut", "fields": {"updated": "2013-03-13", "name": "Granite Mountain Lookout", "created": "2013-03-13", "region": 2, "agency": 6, "location": "POINT (-121.4812699999999950 47.4171300000000002)", "photo_url": "http://www.fs.usda.gov/Internet/FSE_MEDIA/stelprdb5152025.jpg", "hut_references": "", "hut_url": "http://www.fs.usda.gov/recarea/mbs/recreation/recarea/?recid=18044", "accuracy": 3}}, {"pk": 16, "model": "huts.hut", "fields": {"updated": "2013-03-13", "name": "Sun Top Lookout, Suntop Lookout", "created": "2013-03-13", "region": 2, "agency": 6, "location": "POINT (-121.5964799999999997 47.0409999999999968)", "photo_url": "http://upload.wikimedia.org/wikipedia/commons/6/60/Suntop_lookout.jpg", "hut_references": "http://en.wikipedia.org/wiki/Suntop_Lookout, http://www.wta.org/go-hiking/hikes/suntop-peak", "hut_url": "http://www.fs.usda.gov/recarea/mbs/recreation/recarea/?recid=18096", "accuracy": 3}}, {"pk": 17, "model": "huts.hut", "fields": {"updated": "2013-03-13", "name": "Heybrook Lookout", "created": "2013-03-13", "region": 2, "agency": 6, "location": "POINT (-121.5253199999999936 47.8106099999999969)", "photo_url": "http://www.fs.usda.gov/Internet/FSE_MEDIA/stelprdb5152022.jpg", "hut_references": "http://www.wta.org/go-hiking/hikes/heybrook-lookout", "hut_url": "http://www.fs.usda.gov/recarea/mbs/recreation/recarea/?recid=17934", "accuracy": 3}}, {"pk": 18, "model": "huts.hut", "fields": {"updated": "2013-03-13", "name": "Kelly Butte Lookout", "created": "2013-03-13", "region": 2, "agency": 6, "location": "POINT (-121.4903699999999986 47.1692800000000005)", "photo_url": "http://www.fs.usda.gov/Internet/FSE_MEDIA/stelprdb5326105.jpg", "hut_references": "http://www.wta.org/go-hiking/hikes/kelly-butte", "hut_url": "http://www.fs.usda.gov/recarea/mbs/recreation/recarea/?recid=75366", "accuracy": 3}}, {"pk": 19, "model": "huts.hut", "fields": {"updated": "2013-03-13", "name": "Green Mountain Lookout", "created": "2013-03-13", "region": 2, "agency": 6, "location": "POINT (-121.2386199999999974 48.2915199999999984)", "photo_url": "http://ww2.hdnux.com/photos/12/40/40/2754561/4/628x471.jpg", "hut_references": "http://www.wta.org/go-hiking/hikes/green-mountain", "hut_url": "http://www.fs.usda.gov/recarea/mbs/recreation/recarea/?recid=41669", "accuracy": 3}}, {"pk": 20, "model": "huts.hut", "fields": {"updated": "2013-03-13", "name": "Mebee Pass Lookout", "created": "2013-03-13", "region": 2, "agency": 7, "location": "POINT (-120.7739600000000024 48.6372900000000001)", "photo_url": "", "hut_references": "", "hut_url": "http://www.firelookout.com/wa/mebeepass.html", "accuracy": 1}}, {"pk": 21, "model": "huts.hut", "fields": {"updated": "2013-03-13", "name": "Mount Bonaparte Lookout", "created": "2013-03-13", "region": 4, "agency": 7, "location": "POINT (-119.1223099999999988 48.7852400000000017)", "photo_url": "", "hut_references": "", "hut_url": "http://www.firelookout.com/wa/bonaparte.html", "accuracy": 2}}, {"pk": 22, "model": "huts.hut", "fields": {"updated": "2013-03-13", "name": "Leecher Mountain Lookout", "created": "2013-03-13", "region": 2, "agency": 7, "location": "POINT (-120.0022000000000020 48.2505499999999969)", "photo_url": "", "hut_references": "", "hut_url": "http://www.firelookout.com/wa/leecher.html", "accuracy": 3}}, {"pk": 23, "model": "huts.hut", "fields": {"updated": "2013-03-13", "name": "Monument 83 Lookout", "created": "2013-03-13", "region": 2, "agency": 7, "location": "POINT (-120.6452199999999948 49.0002100000000027)", "photo_url": "", "hut_references": "", "hut_url": "http://www.firelookout.com/wa/monument83.html", "accuracy": 3}}, {"pk": 24, "model": "huts.hut", "fields": {"updated": "2013-03-13", "name": "Goat Peak Lookout", "created": "2013-03-13", "region": 2, "agency": 7, "location": "POINT (-120.4039899999999932 48.6321599999999989)", "photo_url": "", "hut_references": "http://www.wta.org/go-hiking/hikes/goat-peak", "hut_url": "http://www.fs.usda.gov/recarea/okawen/recreation/hiking/recarea/?recid=59259&actid=50", "accuracy": 3}}, {"pk": 25, "model": "huts.hut", "fields": {"updated": "2013-03-13", "name": "North Twentymile Lookout", "created": "2013-03-13", "region": 2, "agency": 7, "location": "POINT (-120.0684200000000033 48.7511200000000002)", "photo_url": "", "hut_references": "", "hut_url": "http://www.firelookout.com/wa/ntwentymile.html", "accuracy": 2}}, {"pk": 26, "model": "huts.hut", "fields": {"updated": "2013-03-13", "name": "Lookout Mountain Lookout", "created": "2013-03-13", "region": 2, "agency": 7, "location": "POINT (-120.1874700000000047 48.3132200000000012)", "photo_url": "", "hut_references": "", "hut_url": "http://www.fs.usda.gov/recarea/okawen/recreation/hiking/recarea/?recid=59307&actid=50", "accuracy": 3}}, {"pk": 27, "model": "huts.hut", "fields": {"updated": "2013-03-13", "name": "Pyramid Mountain Lookout", "created": "2013-03-13", "region": 3, "agency": 8, "location": "POINT (-123.8080300000000022 48.0745999999999967)", "photo_url": "", "hut_references": "", "hut_url": "http://www.firelookout.com/wa/pyramidmtn115.html", "accuracy": 2}}, {"pk": 28, "model": "huts.hut", "fields": {"updated": "2013-03-13", "name": "Oregon Butte Lookout", "created": "2013-03-13", "region": 5, "agency": 9, "location": "POINT (-117.6793600000000026 46.1096300000000028)", "photo_url": "", "hut_references": "", "hut_url": "http://www.firelookout.com/wa/oregonbutte.html", "accuracy": 2}}, {"pk": 29, "model": "huts.hut", "fields": {"updated": "2013-03-13", "name": "Alpine Lookout", "created": "2013-03-13", "region": 2, "agency": 10, "location": "POINT (-120.8659700000000043 47.8121099999999970)", "photo_url": "", "hut_references": "", "hut_url": "http://www.firelookout.com/wa/alpine.html", "accuracy": 3}}, {"pk": 30, "model": "huts.hut", "fields": {"updated": "2013-03-13", "name": "Domke Mountain Lookout", "created": "2013-03-13", "region": 2, "agency": 10, "location": "POINT (-120.5660000000000025 48.1777599999999993)", "photo_url": "", "hut_references": "", "hut_url": "http://www.firelookout.com/wa/domke.html", "accuracy": 2}}, {"pk": 31, "model": "huts.hut", "fields": {"updated": "2013-03-13", "name": "Thorp Mountain Lookout", "created": "2013-03-13", "region": 2, "agency": 10, "location": "POINT (-121.2085699999999946 47.3707899999999995)", "photo_url": "", "hut_references": "", "hut_url": "http://www.firelookout.com/wa/thorp.html", "accuracy": 3}}, {"pk": 32, "model": "huts.hut", "fields": {"updated": "2013-03-13", "name": "Red Top Lookout", "created": "2013-03-13", "region": 2, "agency": 10, "location": "POINT (-120.7608100000000064 47.3017200000000031)", "photo_url": "", "hut_references": "http://www.wta.org/go-hiking/hikes/red-top-lookout", "hut_url": "http://www.firelookout.com/wa/redtop.html", "accuracy": 3}}, {"pk": 33, "model": "huts.hut", "fields": {"updated": "2013-03-13", "name": "The Yurt", "created": "2013-03-13", "region": 6, "agency": 11, "location": "POINT (-110.0126499999999936 43.7055700000000016)", "photo_url": "http://www.dogsledadventures.com/images/yurt_sm.jpg", "hut_references": "", "hut_url": "http://www.dogsledadventures.com/tours.htm", "accuracy": 1}}, {"pk": 34, "model": "huts.hut", "fields": {"updated": "2013-03-13", "name": "Yurtopia Yurt", "created": "2013-03-13", "region": 7, "agency": 12, "location": "POINT (-105.0081700000000069 38.9981799999999978)", "photo_url": "http://sphotos-a.xx.fbcdn.net/hphotos-ash3/74803_129055083818004_5071639_n.jpg", "hut_references": "", "hut_url": "http://www.vacationyurtrental.com/", "accuracy": 3}}, {"pk": 35, "model": "huts.hut", "fields": {"updated": "2013-03-13", "name": "Rammel Mountain Family Hut", "created": "2013-03-13", "region": 8, "agency": 13, "location": "POINT (-110.9012699999999967 43.9028399999999976)", "photo_url": "http://www.skithetetons.com/data/images/rm1.jpg", "hut_references": "", "hut_url": "http://www.skithetetons.com/familyhut.html", "accuracy": 1}}, {"pk": 36, "model": "huts.hut", "fields": {"updated": "2013-03-13", "name": "Benedict Huts", "created": "2013-03-13", "region": 9, "agency": 14, "location": "POINT (-106.7557800000000015 39.1790799999999990)", "photo_url": "http://www.huts.org/images/hut_bene_by_lou.jpg", "hut_references": "", "hut_url": "http://www.huts.org/The_Huts/benedict.html", "accuracy": 3}}, {"pk": 37, "model": "huts.hut", "fields": {"updated": "2013-03-13", "name": "McNamara Hut", "created": "2013-03-13", "region": 9, "agency": 14, "location": "POINT (-106.7388299999999930 39.2332499999999982)", "photo_url": "http://www.huts.org/images/hut_mcnamara_pcd2_wint.jpg", "hut_references": "", "hut_url": "http://www.huts.org/The_Huts/mcnamara.html", "accuracy": 3}}, {"pk": 38, "model": "huts.hut", "fields": {"updated": "2013-03-13", "name": "Margy\u2019s Hut", "created": "2013-03-13", "region": 9, "agency": 14, "location": "POINT (-106.7134700000000009 39.2752800000000022)", "photo_url": "http://www.huts.org/images/hut_margys-winter_pcd48.jpg", "hut_references": "", "hut_url": "http://www.huts.org/The_Huts/margys.html", "accuracy": 3}}, {"pk": 39, "model": "huts.hut", "fields": {"updated": "2013-03-13", "name": "Peter Estin Hut", "created": "2013-03-13", "region": 9, "agency": 14, "location": "POINT (-106.6496099999999956 39.4650800000000004)", "photo_url": "http://www.huts.org/images/EstinWinterSmall.jpg", "hut_references": "", "hut_url": "http://www.huts.org/The_Huts/estin.html", "accuracy": 3}}, {"pk": 40, "model": "huts.hut", "fields": {"updated": "2013-03-13", "name": "Harry Gates Hut", "created": "2013-03-13", "region": 9, "agency": 14, "location": "POINT (-106.6491400000000027 39.3998899999999992)", "photo_url": "http://www.huts.org/images/gates-winter-1.jpg", "hut_references": "", "hut_url": "http://www.huts.org/The_Huts/gates.html", "accuracy": 3}}, {"pk": 41, "model": "huts.hut", "fields": {"updated": "2013-03-13", "name": "Polar Star Inn", "created": "2013-03-13", "region": 9, "agency": 14, "location": "POINT (-106.6339200000000034 39.5219400000000007)", "photo_url": "http://www.huts.org/images/hut_polar-winter_pcd15_hori.jpg", "hut_references": "", "hut_url": "http://www.huts.org/The_Huts/polar_star.html", "accuracy": 3}}, {"pk": 42, "model": "huts.hut", "fields": {"updated": "2013-03-13", "name": "Carl\u2019s Cabin", "created": "2013-03-13", "region": 9, "agency": 14, "location": "POINT (-106.6334399999999931 39.5223099999999974)", "photo_url": "http://www.huts.org/images/hut_carls_polar-wint_pcd16.jpg", "hut_references": "", "hut_url": "http://www.huts.org/The_Huts/carls_cabin.html", "accuracy": 3}}, {"pk": 43, "model": "huts.hut", "fields": {"updated": "2013-03-13", "name": "Betty Bear Hut", "created": "2013-03-13", "region": 9, "agency": 14, "location": "POINT (-106.5234999999999985 39.2561400000000020)", "photo_url": "http://www.huts.org/images/hut_betty-winter_pcd50_hori.jpg", "hut_references": "", "hut_url": "http://www.huts.org/The_Huts/bettybear.html", "accuracy": 3}}, {"pk": 44, "model": "huts.hut", "fields": {"updated": "2013-03-13", "name": "Skinner Hut", "created": "2013-03-13", "region": 9, "agency": 14, "location": "POINT (-106.4633299999999991 39.2659999999999982)", "photo_url": "http://www.huts.org/images/hut_skinner_winter_pcd51_ho.jpg", "hut_references": "", "hut_url": "http://www.huts.org/The_Huts/skinner.html", "accuracy": 3}}, {"pk": 45, "model": "huts.hut", "fields": {"updated": "2013-03-13", "name": "Uncle Bud's Hut", "created": "2013-03-13", "region": 9, "agency": 14, "location": "POINT (-106.4054399999999987 39.3013600000000025)", "photo_url": "http://www.huts.org/images/hut_buds-winter_pcd10_hor.jpg", "hut_references": "", "hut_url": "http://www.huts.org/The_Huts/uncle_buds.html", "accuracy": 3}}, {"pk": 46, "model": "huts.hut", "fields": {"updated": "2013-03-13", "name": "10th Mountain Division Hut", "created": "2013-03-13", "region": 9, "agency": 14, "location": "POINT (-106.3868899999999940 39.3689699999999974)", "photo_url": "http://www.huts.org/images/hut_10th_winter_pcd58_horizontal.jpg", "hut_references": "", "hut_url": "http://www.huts.org/The_Huts/10th_mountain.html", "accuracy": 3}}, {"pk": 47, "model": "huts.hut", "fields": {"updated": "2013-03-13", "name": "Eiseman Hut", "created": "2013-03-13", "region": 10, "agency": 14, "location": "POINT (-106.3520299999999992 39.6960300000000004)", "photo_url": "", "hut_references": "", "hut_url": "http://www.huts.org/The_Huts/eiseman.html", "accuracy": 5}}, {"pk": 48, "model": "huts.hut", "fields": {"updated": "2013-03-13", "name": "Continental Divide Cabin", "created": "2013-03-13", "region": 10, "agency": 14, "location": "POINT (-106.3219399999999979 39.3572199999999981)", "photo_url": "http://www.huts.org/images/continental-divide.jpg", "hut_references": "", "hut_url": "http://www.huts.org/The_Huts/continental_divide.html", "accuracy": 3}}, {"pk": 49, "model": "huts.hut", "fields": {"updated": "2013-03-13", "name": "Vance's Cabin", "created": "2013-03-13", "region": 10, "agency": 14, "location": "POINT (-106.2998099999999937 39.3831399999999974)", "photo_url": "http://www.huts.org/images/hut_vances_winter_dawson.jpg", "hut_references": "", "hut_url": "http://www.huts.org/The_Huts/vances.html", "accuracy": 3}}, {"pk": 50, "model": "huts.hut", "fields": {"updated": "2013-03-13", "name": "Fowler Hilliard Hut", "created": "2013-03-13", "region": 10, "agency": 14, "location": "POINT (-106.2898299999999949 39.4931100000000015)", "photo_url": "http://www.huts.org/images/Copy%20of%20November%2030%202010%20027small.jpg", "hut_references": "", "hut_url": "http://www.huts.org/The_Huts/fowler_hilliard.html", "accuracy": 3}}, {"pk": 1, "model": "huts.region", "fields": {"country": "US", "state": "Colorado", "region": "Elk Range"}}, {"pk": 2, "model": "huts.region", "fields": {"country": "US", "state": "Washington", "region": "Cascade Range"}}, {"pk": 3, "model": "huts.region", "fields": {"country": "US", "state": "Washington", "region": "Olympic Mountains"}}, {"pk": 4, "model": "huts.region", "fields": {"country": "US", "state": "Washington", "region": "Okanogan Highlands"}}, {"pk": 5, "model": "huts.region", "fields": {"country": "US", "state": "Washington", "region": "Blue Mountains"}}, {"pk": 6, "model": "huts.region", "fields": {"country": "US", "state": "Wyoming", "region": "Wind River Range"}}, {"pk": 7, "model": "huts.region", "fields": {"country": "US", "state": "Colorado", "region": "Front Range"}}, {"pk": 8, "model": "huts.region", "fields": {"country": "US", "state": "Wyoming", "region": "Teton Range"}}, {"pk": 9, "model": "huts.region", "fields": {"country": "US", "state": "Colorado", "region": "Sawatch Range"}}, {"pk": 10, "model": "huts.region", "fields": {"country": "US", "state": "Colorado", "region": "Gore Range"}}, {"pk": 11, "model": "huts.region", "fields": {"country": "US", "state": "Colorado", "region": "Mosquito Range"}}, {"pk": 12, "model": "huts.region", "fields": {"country": "US", "state": "Colorado", "region": "San Juan Mountains"}}, {"pk": 13, "model": "huts.region", "fields": {"country": "US", "state": "Colorado", "region": "Never Summer Range"}}, {"pk": 14, "model": "huts.region", "fields": {"country": "US", "state": "Colorado", "region": "La Sal Mountains"}}, {"pk": 15, "model": "huts.region", "fields": {"country": "US", "state": "Colorado", "region": "Uncompahgre Plateau"}}, {"pk": 16, "model": "huts.region", "fields": {"country": "US", "state": "Colorado", "region": "Flat Tops"}}, {"pk": 17, "model": "huts.region", "fields": {"country": "US", "state": "Florida", "region": "Southwest Florida"}}, {"pk": 18, "model": "huts.region", "fields": {"country": "US", "state": "Florida", "region": "Everglades"}}, {"pk": 19, "model": "huts.region", "fields": {"country": "US", "state": "Georgia", "region": "Blue Ridge Mountains"}}, {"pk": 20, "model": "huts.region", "fields": {"country": "US", "state": "Hawaii", "region": "Hawaiian Islands"}}, {"pk": 21, "model": "huts.region", "fields": {"country": "US", "state": "New Mexico", "region": "Sangre de Cristo Range"}}, {"pk": 22, "model": "huts.region", "fields": {"country": "US", "state": "Oregon", "region": "Blue Mountains"}}, {"pk": 23, "model": "huts.region", "fields": {"country": "US", "state": "Utah", "region": "La Sal Mountains"}}, {"pk": 24, "model": "huts.region", "fields": {"country": "US", "state": "Washington", "region": "Monashee Mountains"}}, {"pk": 25, "model": "huts.region", "fields": {"country": "US", "state": "Washington", "region": "Northwest Coast Islands"}}, {"pk": 26, "model": "huts.region", "fields": {"country": "US", "state": "Washington", "region": "Selkirk Mountains"}}, {"pk": 27, "model": "huts.region", "fields": {"country": "US", "state": "Wyoming", "region": "Yellowstone"}}, {"pk": 28, "model": "huts.region", "fields": {"country": "CA", "state": "Alberta", "region": ""}}, {"pk": 29, "model": "huts.region", "fields": {"country": "CA", "state": "Qu\u00e9bec", "region": ""}}, {"pk": 30, "model": "huts.region", "fields": {"country": "CA", "state": "British Columbia", "region": ""}}, {"pk": 31, "model": "huts.region", "fields": {"country": "CA", "state": "Ontario", "region": ""}}, {"pk": 32, "model": "huts.region", "fields": {"country": "US", "state": "New York", "region": ""}}, {"pk": 33, "model": "huts.region", "fields": {"country": "CA", "state": "Alberta", "region": "Jasper NP"}}, {"pk": 34, "model": "huts.region", "fields": {"country": "CA", "state": "Alberta", "region": "Banff NP"}}, {"pk": 35, "model": "huts.region", "fields": {"country": "CA", "state": "British Columbia", "region": "Mt Assiniboine PP"}}, {"pk": 36, "model": "huts.region", "fields": {"country": "CA", "state": "British Columbia", "region": "Kootenay"}}, {"pk": 37, "model": "huts.region", "fields": {"country": "CA", "state": "British Columbia", "region": "Coast Mountains"}}, {"pk": 38, "model": "huts.region", "fields": {"country": "CA", "state": "British Columbia", "region": "Cascade Range"}}, {"pk": 39, "model": "huts.region", "fields": {"country": "CA", "state": "British Columbia", "region": "Cathedral PP"}}, {"pk": 40, "model": "huts.region", "fields": {"country": "CA", "state": "British Columbia", "region": "Foch-Gittoyees PP"}}, {"pk": 41, "model": "huts.region", "fields": {"country": "CA", "state": "British Columbia", "region": "Mount Robson PP"}}, {"pk": 42, "model": "huts.region", "fields": {"country": "CA", "state": "British Columbia", "region": "Yoho NP"}}, {"pk": 43, "model": "huts.region", "fields": {"country": "CA", "state": "British Columbia", "region": "Valhalla PP"}}, {"pk": 44, "model": "huts.region", "fields": {"country": "CA", "state": "British Columbia", "region": "Kootenays"}}, {"pk": 45, "model": "huts.region", "fields": {"country": "CA", "state": "British Columbia", "region": "West Twin PA"}}, {"pk": 46, "model": "huts.region", "fields": {"country": "CA", "state": "British Columbia", "region": "Monashee Mountains"}}, {"pk": 47, "model": "huts.region", "fields": {"country": "CA", "state": "British Columbia", "region": "Cariboo Mountains"}}, {"pk": 48, "model": "huts.region", "fields": {"country": "CA", "state": "British Columbia", "region": "Glacier NP"}}, {"pk": 49, "model": "huts.region", "fields": {"country": "CA", "state": "British Columbia", "region": "Tetrahedron PP"}}, {"pk": 50, "model": "huts.region", "fields": {"country": "CA", "state": "British Columbia", "region": "Garibaldi PP"}}, {"pk": 51, "model": "huts.region", "fields": {"country": "CA", "state": "British Columbia", "region": "Valhalla"}}, {"pk": 52, "model": "huts.region", "fields": {"country": "CA", "state": "British Columbia", "region": "Kokanee"}}, {"pk": 53, "model": "huts.region", "fields": {"country": "CA", "state": "British Columbia", "region": "E. C. Manning PP"}}, {"pk": 54, "model": "huts.region", "fields": {"country": "CA", "state": "British Columbia", "region": " Strathcona Provincial Park"}}, {"pk": 55, "model": "huts.region", "fields": {"country": "CA", "state": "British Columbia", "region": "Rainbow Range"}}, {"pk": 56, "model": "huts.region", "fields": {"country": "CA", "state": "British Columbia", "region": "Hart Range"}}, {"pk": 57, "model": "huts.region", "fields": {"country": "CA", "state": "Manitoba", "region": ""}}, {"pk": 58, "model": "huts.region", "fields": {"country": "CA", "state": "New Brunswick", "region": ""}}, {"pk": 59, "model": "huts.region", "fields": {"country": "CA", "state": "Newfoundland and Labrador", "region": ""}}, {"pk": 60, "model": "huts.region", "fields": {"country": "CA", "state": "Nova Scotia", "region": ""}}, {"pk": 61, "model": "huts.region", "fields": {"country": "CA", "state": "Nunavut", "region": "Baffin Island"}}, {"pk": 62, "model": "huts.region", "fields": {"country": "NZ", "state": "North Island", "region": ""}}, {"pk": 63, "model": "huts.region", "fields": {"country": "NZ", "state": "North Island", "region": "Mount Ruapehu"}}, {"pk": 64, "model": "huts.region", "fields": {"country": "NZ", "state": "North Island", "region": "Tongariro National Park"}}, {"pk": 65, "model": "huts.region", "fields": {"country": "NZ", "state": "North Island", "region": "Kaharoa"}}, {"pk": 66, "model": "huts.region", "fields": {"country": "NZ", "state": "North Island", "region": "Kaimai-Mamaku Forest Park"}}, {"pk": 67, "model": "huts.region", "fields": {"country": "NZ", "state": "South Island", "region": "Arthur's Pass National Park"}}, {"pk": 68, "model": "huts.region", "fields": {"country": "NZ", "state": "South Island", "region": "Mount Cook National Park"}}, {"pk": 69, "model": "huts.region", "fields": {"country": "NZ", "state": "South Island", "region": "Arrowsmith Range"}}, {"pk": 70, "model": "huts.region", "fields": {"country": "NZ", "state": "South Island", "region": "Te Kahui Kaupeka Conservation Park"}}, {"pk": 71, "model": "huts.region", "fields": {"country": "NZ", "state": "South Island", "region": ""}}, {"pk": 72, "model": "huts.region", "fields": {"country": "NZ", "state": "South Island", "region": "Aoraki Mount Cook National Park"}}, {"pk": 73, "model": "huts.region", "fields": {"country": "NZ", "state": "South Island", "region": "Mount Aspiring National Park"}}, {"pk": 74, "model": "huts.region", "fields": {"country": "NZ", "state": "South Island", "region": "Westland National Park"}}, {"pk": 75, "model": "huts.region", "fields": {"country": "NZ", "state": "South Island", "region": "Fiordlands National Park"}}, {"pk": 76, "model": "huts.region", "fields": {"country": "NZ", "state": "South Island", "region": "Ruataniwha Conservation Park"}}, {"pk": 77, "model": "huts.region", "fields": {"country": "NZ", "state": "South Island", "region": "Rock and Pillar Secnic Reserve"}}, {"pk": 78, "model": "huts.region", "fields": {"country": "US", "state": "Alaska", "region": "Alaska Range"}}, {"pk": 79, "model": "huts.region", "fields": {"country": "US", "state": "Alaska", "region": "Kodiak"}}, {"pk": 80, "model": "huts.region", "fields": {"country": "US", "state": "Alaska", "region": "Kenai Peninsula"}}, {"pk": 81, "model": "huts.region", "fields": {"country": "US", "state": "Alaska", "region": "Fairbanks"}}, {"pk": 82, "model": "huts.region", "fields": {"country": "US", "state": "Alaska", "region": "Chugach Mountains"}}, {"pk": 83, "model": "huts.region", "fields": {"country": "US", "state": "Alaska", "region": "Prince William Sound"}}, {"pk": 84, "model": "huts.region", "fields": {"country": "US", "state": "Alaska", "region": "Mat-Su Valley"}}, {"pk": 85, "model": "huts.region", "fields": {"country": "US", "state": "Alaska", "region": "Southeast"}}, {"pk": 86, "model": "huts.region", "fields": {"country": "US", "state": "Alaska", "region": "Gulf Coast"}}, {"pk": 87, "model": "huts.region", "fields": {"country": "US", "state": "Alaska", "region": "Talkeetna Mountains"}}, {"pk": 88, "model": "huts.region", "fields": {"country": "US", "state": "Alaska", "region": "Iditarod"}}, {"pk": 89, "model": "huts.region", "fields": {"country": "US", "state": "Alaska", "region": ""}}, {"pk": 90, "model": "huts.region", "fields": {"country": "US", "state": "Alaska", "region": "Chugach: Eastern Kenai Peninsula"}}, {"pk": 91, "model": "huts.region", "fields": {"country": "US", "state": "Alaska", "region": "Chugach: Prince William Sound"}}, {"pk": 92, "model": "huts.region", "fields": {"country": "US", "state": "Alaska", "region": "Chugach: Copper River Delta"}}, {"pk": 93, "model": "huts.region", "fields": {"country": "US", "state": "Alaska", "region": "Coast Mountains"}}, {"pk": 94, "model": "huts.region", "fields": {"country": "US", "state": "Alaska", "region": "Yakutat"}}, {"pk": 95, "model": "huts.region", "fields": {"country": "US", "state": "Alaska", "region": "Wrangell"}}, {"pk": 96, "model": "huts.region", "fields": {"country": "US", "state": "Alaska", "region": "Sitka"}}, {"pk": 97, "model": "huts.region", "fields": {"country": "US", "state": "Alaska", "region": "Prince of Wales Island"}}, {"pk": 98, "model": "huts.region", "fields": {"country": "US", "state": "Alaska", "region": "Petersburg"}}, {"pk": 99, "model": "huts.region", "fields": {"country": "US", "state": "Alaska", "region": "Misty Fjords"}}, {"pk": 100, "model": "huts.region", "fields": {"country": "US", "state": "Alaska", "region": "Admiralty Island"}}, {"pk": 101, "model": "huts.region", "fields": {"country": "US", "state": "Alaska", "region": "Ketchikan"}}, {"pk": 102, "model": "huts.region", "fields": {"country": "US", "state": "Alaska", "region": "Juneau"}}, {"pk": 103, "model": "huts.region", "fields": {"country": "US", "state": "Alaska", "region": "Hoonah"}}, {"pk": 104, "model": "huts.region", "fields": {"country": "US", "state": "Alaska", "region": "Skagway"}}, {"pk": 105, "model": "huts.region", "fields": {"country": "US", "state": "Alaska", "region": "Kodiak Island"}}, {"pk": 106, "model": "huts.region", "fields": {"country": "US", "state": "Arizona", "region": ""}}, {"pk": 107, "model": "huts.region", "fields": {"country": "US", "state": "Arizona", "region": "Grand Canyon"}}, {"pk": 108, "model": "huts.region", "fields": {"country": "US", "state": "Arkansas", "region": ""}}, {"pk": 109, "model": "huts.region", "fields": {"country": "US", "state": "California", "region": "Sierra Mountains"}}, {"pk": 110, "model": "huts.region", "fields": {"country": "US", "state": "California", "region": ""}}, {"pk": 111, "model": "huts.region", "fields": {"country": "US", "state": "California", "region": "Sierra"}}, {"pk": 112, "model": "huts.region", "fields": {"country": "US", "state": "California", "region": "Sierras"}}, {"pk": 113, "model": "huts.region", "fields": {"country": "US", "state": "California", "region": "San Gabriel Mountains"}}, {"pk": 114, "model": "huts.region", "fields": {"country": "US", "state": "California", "region": "San Bernardino Mountains"}}, {"pk": 115, "model": "huts.region", "fields": {"country": "US", "state": "California", "region": "Santa Cruz Mountains"}}, {"pk": 116, "model": "huts.region", "fields": {"country": "US", "state": "California", "region": "Laguna Mountains"}}, {"pk": 117, "model": "huts.region", "fields": {"country": "US", "state": "Connecticut", "region": ""}}, {"pk": 118, "model": "huts.region", "fields": {"country": "US", "state": "Georgia", "region": ""}}, {"pk": 119, "model": "huts.region", "fields": {"country": "US", "state": "Idaho", "region": "Portneuf Range"}}, {"pk": 120, "model": "huts.region", "fields": {"country": "US", "state": "Idaho", "region": ""}}, {"pk": 121, "model": "huts.region", "fields": {"country": "US", "state": "Idaho", "region": "Sawtooth"}}, {"pk": 122, "model": "huts.region", "fields": {"country": "US", "state": "Idaho", "region": "Boise National Forest"}}, {"pk": 123, "model": "huts.region", "fields": {"country": "US", "state": "Maine", "region": ""}}, {"pk": 124, "model": "huts.region", "fields": {"country": "US", "state": "Maine", "region": "Acadia NP"}}, {"pk": 125, "model": "huts.region", "fields": {"country": "US", "state": "Maryland", "region": ""}}, {"pk": 126, "model": "huts.region", "fields": {"country": "US", "state": "Massachusets", "region": ""}}, {"pk": 127, "model": "huts.region", "fields": {"country": "US", "state": "Minnesota", "region": "Boundary Waters"}}, {"pk": 128, "model": "huts.region", "fields": {"country": "US", "state": "Montana", "region": ""}}, {"pk": 129, "model": "huts.region", "fields": {"country": "US", "state": "Montana", "region": "Glacier NP"}}, {"pk": 130, "model": "huts.region", "fields": {"country": "US", "state": "Montana", "region": "Whitefish"}}, {"pk": 131, "model": "huts.region", "fields": {"country": "US", "state": "Montana", "region": "Centennial Mountains"}}, {"pk": 132, "model": "huts.region", "fields": {"country": "US", "state": "Montana", "region": "Tobacco Root Range"}}, {"pk": 133, "model": "huts.region", "fields": {"country": "US", "state": "Montana", "region": "Southern Swan Mountains"}}, {"pk": 134, "model": "huts.region", "fields": {"country": "US", "state": "Nevada", "region": ""}}, {"pk": 135, "model": "huts.region", "fields": {"country": "US", "state": "Nevada", "region": "Lake Tahoe"}}, {"pk": 136, "model": "huts.region", "fields": {"country": "US", "state": "New Hampshire", "region": ""}}, {"pk": 137, "model": "huts.region", "fields": {"country": "US", "state": "New Hampshire", "region": "White Mountains, Presidential Range"}}, {"pk": 138, "model": "huts.region", "fields": {"country": "US", "state": "New Hampshire", "region": "White Mountains"}}, {"pk": 139, "model": "huts.region", "fields": {"country": "US", "state": "New Hampshire", "region": "Presidential Range"}}, {"pk": 140, "model": "huts.region", "fields": {"country": "US", "state": "New Jersey", "region": ""}}, {"pk": 141, "model": "huts.region", "fields": {"country": "US", "state": "New York", "region": "Adirondack"}}, {"pk": 142, "model": "huts.region", "fields": {"country": "US", "state": "North Carolina", "region": ""}}, {"pk": 143, "model": "huts.region", "fields": {"country": "US", "state": "North Carolina,Tennessee", "region": ""}}, {"pk": 144, "model": "huts.region", "fields": {"country": "US", "state": "Oregon", "region": "Mt. Hood"}}, {"pk": 145, "model": "huts.region", "fields": {"country": "US", "state": "Oregon", "region": "Mount Hood"}}, {"pk": 146, "model": "huts.region", "fields": {"country": "US", "state": "Oregon", "region": "Three Sisters"}}, {"pk": 147, "model": "huts.region", "fields": {"country": "US", "state": "Oregon", "region": ""}}, {"pk": 148, "model": "huts.region", "fields": {"country": "US", "state": "Oregon", "region": "Eagle Cap Wilderness"}}, {"pk": 149, "model": "huts.region", "fields": {"country": "US", "state": "Oregon", "region": "Wallowa Mountains"}}, {"pk": 150, "model": "huts.region", "fields": {"country": "US", "state": "Pennsylvania", "region": ""}}, {"pk": 151, "model": "huts.region", "fields": {"country": "US", "state": "Tennessee", "region": ""}}, {"pk": 152, "model": "huts.region", "fields": {"country": "US", "state": "Tennessee", "region": "Big South Fork"}}, {"pk": 153, "model": "huts.region", "fields": {"country": "US", "state": "Tennessee", "region": "Great Smoky Mountains"}}, {"pk": 154, "model": "huts.region", "fields": {"country": "US", "state": "Utah", "region": "Uinta Mountains"}}, {"pk": 155, "model": "huts.region", "fields": {"country": "US", "state": "Utah", "region": ""}}, {"pk": 156, "model": "huts.region", "fields": {"country": "US", "state": "Utah", "region": "Tushar Mountains"}}, {"pk": 157, "model": "huts.region", "fields": {"country": "US", "state": "Utah", "region": "Bear River Range"}}, {"pk": 158, "model": "huts.region", "fields": {"country": "US", "state": "Vermont", "region": ""}}, {"pk": 159, "model": "huts.region", "fields": {"country": "US", "state": "Virginia", "region": ""}}, {"pk": 160, "model": "huts.region", "fields": {"country": "US", "state": "West Virginia", "region": ""}}, {"pk": 1, "model": "huts.agency", "fields": {"url": "http://www.visitcrestedbutte.com/businesspage.cfm?businessid=294", "name": "Elkton Cabins"}}, {"pk": 2, "model": "huts.agency", "fields": {"url": "http://www.nps.gov/mora/", "name": "NPS: Mount Rainier National Park"}}, {"pk": 3, "model": "huts.agency", "fields": {"url": "http://www.nps.gov/noca/", "name": "NPS: North Cascades National Park"}}, {"pk": 4, "model": "huts.agency", "fields": {"url": "www.nps.gov/olym/", "name": "NPS: Olympic National Park"}}, {"pk": 5, "model": "huts.agency", "fields": {"url": "http://www.fs.usda.gov/main/giffordpinchot/home", "name": "USFS: Gifford Pinchot National Forest"}}, {"pk": 6, "model": "huts.agency", "fields": {"url": "http://www.fs.usda.gov/main/mbs/home", "name": "USFS: Mount Baker-Snoqualmie National Forest"}}, {"pk": 7, "model": "huts.agency", "fields": {"url": "http://www.fs.usda.gov/okawen", "name": "USFS: Okanogan National Forest"}}, {"pk": 8, "model": "huts.agency", "fields": {"url": "www.fs.usda.gov/olympic/", "name": "USFS: Olympic National Forest"}}, {"pk": 9, "model": "huts.agency", "fields": {"url": "www.fs.usda.gov/umatilla", "name": "USFS: Umatilla National Forest"}}, {"pk": 10, "model": "huts.agency", "fields": {"url": "http://www.fs.usda.gov/okawen", "name": "USFS: Wenatchee National Forest"}}, {"pk": 11, "model": "huts.agency", "fields": {"url": "http://www.dogsledadventures.com/", "name": "Continental Divide Dog Sled Adventures"}}, {"pk": 12, "model": "huts.agency", "fields": {"url": "http://www.vacationyurtrental.com/", "name": "Vacation Yurt Rental"}}, {"pk": 13, "model": "huts.agency", "fields": {"url": "http://www.skithetetons.com/", "name": "Teton Backcountry Guides"}}, {"pk": 14, "model": "huts.agency", "fields": {"url": "http://www.huts.org/", "name": "10th Mountain Division Hut Association"}}, {"pk": 15, "model": "huts.agency", "fields": {"url": "http://www.summithuts.org/", "name": "10th Mountain Division Hut Association"}}, {"pk": 16, "model": "huts.agency", "fields": {"url": "http://www.grandhuts.org/", "name": "10th Mountain Division Hut Association"}}, {"pk": 17, "model": "huts.agency", "fields": {"url": "http://cementcreekranch.com/", "name": "Cement Creek Ranch"}}, {"pk": 18, "model": "huts.agency", "fields": {"url": "http://www.cmcboulder.org/", "name": "Colorado Mountain Club: Boulder Group"}}, {"pk": 19, "model": "huts.agency", "fields": {"url": "http://www.creedemountainhuts.com/", "name": "Creede Mountain Huts"}}, {"pk": 20, "model": "huts.agency", "fields": {"url": "http://www.cbnordic.org/", "name": "Crested Butte Nordic Center"}}, {"pk": 21, "model": "huts.agency", "fields": {"url": "http://www.yurtsogood.com/", "name": "Cumbres Nordic Adventures"}}, {"pk": 22, "model": "huts.agency", "fields": {"url": "http://www.eldora.com/nordic.lessons.html", "name": "Eldora Nordic Center"}}, {"pk": 23, "model": "huts.agency", "fields": {"url": "http://backcountry-colorado-yurt.com/", "name": "Hidden Treasure Yurts"}}, {"pk": 24, "model": "huts.agency", "fields": {"url": "http://www.highcamphut.com", "name": "High Camp Hut"}}, {"pk": 25, "model": "huts.agency", "fields": {"url": "http://www.lonesome-hut.com", "name": "High Lonesome Hut"}}, {"pk": 26, "model": "huts.agency", "fields": {"url": "http://www.hinsdalehauteroute.org/", "name": "Hinsdale Haute Route Association"}}, {"pk": 27, "model": "huts.agency", "fields": {"url": "http://www.jamespeakyurt.com/", "name": "James Peak Yurt"}}, {"pk": 28, "model": "huts.agency", "fields": {"url": "http://www.leadvillebackcountry.com/", "name": "Leadville Backcountry"}}, {"pk": 29, "model": "huts.agency", "fields": {"url": "http://www.lostwonderhut.com/", "name": "Lost Wonder Hut"}}, {"pk": 30, "model": "huts.agency", "fields": {"url": "http://neversummernordic.com/", "name": "Never Summer Nordic"}}, {"pk": 31, "model": "huts.agency", "fields": {"url": "http://www.nps.gov/romo/", "name": "NPS: Rocky Mountain National Park"}}, {"pk": 32, "model": "huts.agency", "fields": {"url": "http://opushut.com/", "name": "Ophir Pass Ultimate Ski Hut"}}, {"pk": 33, "model": "huts.agency", "fields": {"url": "http://www.skihuts.com/", "name": "Red Mountain Pass Cabins"}}, {"pk": 34, "model": "huts.agency", "fields": {"url": "http://www.skistpaul.com/", "name": "Saint Paul Lodge"}}, {"pk": 35, "model": "huts.agency", "fields": {"url": "http://sanjuanhuts.com/", "name": "San Juan Hut Systems"}}, {"pk": 36, "model": "huts.agency", "fields": {"url": "http://silvertonskihut.com/", "name": "Silverton Ski Hut"}}, {"pk": 37, "model": "huts.agency", "fields": {"url": "http://www.southwestnordiccenter.com/", "name": "Southwest Nordic Center"}}, {"pk": 38, "model": "huts.agency", "fields": {"url": "http://www.sunlightmtn.com/", "name": "Sunlight Mountain Resort"}}, {"pk": 39, "model": "huts.agency", "fields": {"url": "http://www.fs.usda.gov/main/arp/home", "name": "USFS: Arapaho National Forest"}}, {"pk": 40, "model": "huts.agency", "fields": {"url": "http://www.utelodge.com/", "name": "Ute Lodge"}}, {"pk": 41, "model": "huts.agency", "fields": {"url": "http://www.vrhuts.com/", "name": "Vagabond Ranch Huts"}}, {"pk": 42, "model": "huts.agency", "fields": {"url": "http://www.wolfcreekbackcountry.com/", "name": "Wolf Creek Backcountry"}}, {"pk": 43, "model": "huts.agency", "fields": {"url": "", "name": ""}}, {"pk": 44, "model": "huts.agency", "fields": {"url": "http://www.floridastateparks.org/cayocosta/", "name": "Florida State Parks: Cayo Costa State Park"}}, {"pk": 45, "model": "huts.agency", "fields": {"url": "http://www.nps.gov/ever/", "name": "NPS: Everglades National Park"}}, {"pk": 46, "model": "huts.agency", "fields": {"url": "http://www.gastateparks.org/", "name": "Georgia State Parks"}}, {"pk": 47, "model": "huts.agency", "fields": {"url": "http://www.nps.gov/hale/", "name": "NPS: Haleakala National Park"}}, {"pk": 48, "model": "huts.agency", "fields": {"url": "http://www.nps.gov/havo/", "name": "NPS: Hawai'i Volcanoes National Park"}}, {"pk": 49, "model": "huts.agency", "fields": {"url": "http://www.enchantedforestxc.com/", "name": "Enchanted Forest Cross Country Ski Area"}}, {"pk": 50, "model": "huts.agency", "fields": {"url": "http://www.cascadepowdercats.com/", "name": "Cascade Powder Cats"}}, {"pk": 51, "model": "huts.agency", "fields": {"url": "http://www.skimtta.com/", "name": "Mount Tahoma Trails Association"}}, {"pk": 52, "model": "huts.agency", "fields": {"url": "http://www.heli-ski.com/", "name": "North Cascade Heli Ski"}}, {"pk": 53, "model": "huts.agency", "fields": {"url": "http://northcascadesbasecamp.com/", "name": "North Cascades Basecamp"}}, {"pk": 54, "model": "huts.agency", "fields": {"url": "http://www.rendezvoushuts.com/", "name": "Rendezvous Huts"}}, {"pk": 55, "model": "huts.agency", "fields": {"url": "http://www.scottishlakes.com/", "name": "Scottish Lakes High Camp"}}, {"pk": 56, "model": "huts.agency", "fields": {"url": "http://www.mountaineers.org/", "name": "The Mountaineers"}}, {"pk": 57, "model": "huts.agency", "fields": {"url": "http://www.fs.usda.gov/colville", "name": "USFS: Colville National Forest"}}, {"pk": 58, "model": "huts.agency", "fields": {"url": "http://www.parks.wa.gov/parks/?selectedpark=Deception%20Pass", "name": "WA State Parks: Deception Pass State Park"}}, {"pk": 59, "model": "huts.agency", "fields": {"url": "http://www.parks.wa.gov/parks/?selectedpark=Mount%20Spokane", "name": "WA State Parks: Mount Spokane State Park"}}, {"pk": 60, "model": "huts.agency", "fields": {"url": "http://www.americanalpineclub.org", "name": "American Alpine Club"}}, {"pk": 61, "model": "huts.agency", "fields": {"url": "http://www.yellowstoneexpeditions.com/", "name": "Yellowstone Expeditions"}}, {"pk": 62, "model": "huts.agency", "fields": {"url": "http://bonniebellecabin.com/", "name": "Bonnie Bell Cabin"}}, {"pk": 63, "model": "huts.agency", "fields": {"url": "http://www.treasuremountainhut.com/about_the_hut.htm", "name": "Treasure Mountain Hut"}}, {"pk": 64, "model": "huts.agency", "fields": {"url": "http://www.alpineclubofcanada.ca/", "name": "Alpine Club of Canada"}}, {"pk": 65, "model": "huts.agency", "fields": {"url": "http://www.hihostels.ca/", "name": "Hostelling International"}}, {"pk": 66, "model": "huts.agency", "fields": {"url": "http://www.alpineclubofcanada.ca/sections/laurentian.html", "name": "Alpine Club of Canada : Laurentian Section"}}, {"pk": 67, "model": "huts.agency", "fields": {"url": "http://www.sepaq.com/pq/mot/", "name": "Parcs Qu\u00e9bec : Parc National du Mont-Tremblant"}}, {"pk": 68, "model": "huts.agency", "fields": {"url": "http://www.sepaq.com/pq/mor/", "name": "Parcs Qu\u00e9bec : Parc National du Mont-Orford"}}, {"pk": 69, "model": "huts.agency", "fields": {"url": "http://www.sepaq.com/pq/mme/", "name": "Parcs Qu\u00e9bec : Parc National du Mont-M\u00e9gantic"}}, {"pk": 70, "model": "huts.agency", "fields": {"url": "http://www.sepaq.com/pq/grj/", "name": "Parcs Qu\u00e9bec : Parc National des Grands-Jardins"}}, {"pk": 71, "model": "huts.agency", "fields": {"url": "http://www.sepaq.com/pq/gas/", "name": "Parcs Qu\u00e9bec : Parc National de la Gasp\u00e9sie"}}, {"pk": 72, "model": "huts.agency", "fields": {"url": "http://www.sepaq.com/ct/duc/", "name": "S\u00e9paq : Centre Touristique Duchesnay"}}, {"pk": 73, "model": "huts.agency", "fields": {"url": "http://www.sepaq.com/pq/sag/", "name": "Parcs Qu\u00e9bec : Parc National du Fjord-du-Saguenay"}}, {"pk": 74, "model": "huts.agency", "fields": {"url": "http://www.sepaq.com/pq/mva/", "name": "Parcs Qu\u00e9bec : Parc National des Monts-Valin"}}, {"pk": 75, "model": "huts.agency", "fields": {"url": "http://www.sepaq.com/pq/aig/", "name": "Parcs Qu\u00e9bec : Parc National d'Aiguebelle"}}, {"pk": 76, "model": "huts.agency", "fields": {"url": "http://www.sepaq.com/pq/bic/", "name": "Parcs Qu\u00e9bec : Parc National du Bic"}}, {"pk": 77, "model": "huts.agency", "fields": {"url": "http://www.sepaq.com/pq/jac/", "name": "Parcs Qu\u00e9bec : Parc National de la Jacques-Cartier"}}, {"pk": 78, "model": "huts.agency", "fields": {"url": "http://www.nunavikparks.ca/en/parks/pingualuit/", "name": "Parcs Nunavik : Parc National des Pingualuit"}}, {"pk": 79, "model": "huts.agency", "fields": {"url": "http://www.sepaq.com/rf/pal/", "name": "S\u00e9paq : R\u00e9serve Faunique de Papineau-Labelle"}}, {"pk": 80, "model": "huts.agency", "fields": {"url": "http://www.pc.gc.ca/pn-np/qc/forillon/index.aspx", "name": "Parks Canada : Forillon National Park"}}, {"pk": 81, "model": "huts.agency", "fields": {"url": "http://www.accvancouver.ca/", "name": "Alpine Club of Canada : Vancouver Section"}}, {"pk": 82, "model": "huts.agency", "fields": {"url": "http://accwhistler.ca/", "name": "Alpine Club of Canada : Whistler Section"}}, {"pk": 83, "model": "huts.agency", "fields": {"url": "http://www.climbers.org/", "name": "Alpine Club of Canada : Toronto Section"}}, {"pk": 84, "model": "huts.agency", "fields": {"url": "http://www.accmontreal.ca/", "name": "Alpine Club of Canada : Montreal Section"}}, {"pk": 85, "model": "huts.agency", "fields": {"url": "http://www.shadowlakelodge.com/", "name": "Brewster's Shadow Lake Lodge"}}, {"pk": 86, "model": "huts.agency", "fields": {"url": "1 (780) 852-3665", "name": "Maligne Lake Ski Club"}}, {"pk": 87, "model": "huts.agency", "fields": {"url": "http://www.pc.gc.ca/pn-np/ab/banff/index.aspx", "name": "Parks Canada: Banff National Park"}}, {"pk": 88, "model": "huts.agency", "fields": {"url": "http://www.skoki.com/", "name": "Skoki Lodge"}}, {"pk": 89, "model": "huts.agency", "fields": {"url": "http://www.skylinetrail.com/", "name": "Skyline Trail Rides"}}, {"pk": 90, "model": "huts.agency", "fields": {"url": "http://www.tonquinvalley.com/", "name": "Tonquin Valley Backcountry Lodge"}}, {"pk": 91, "model": "huts.agency", "fields": {"url": "http://www.horseback.com/", "name": "Warner Guiding & Outfitting"}}, {"pk": 92, "model": "huts.agency", "fields": {"url": "http://www.amiskwi.com/", "name": "Amiskwi Lodge"}}, {"pk": 93, "model": "huts.agency", "fields": {"url": "http://assiniboinelodge.com/", "name": "Assiniboine Lodge"}}, {"pk": 94, "model": "huts.agency", "fields": {"url": "http://www.baldface.net/", "name": "Baldface Lodge"}}, {"pk": 95, "model": "huts.agency", "fields": {"url": "http://battleabbey.ca/", "name": "Battle Abbey"}}, {"pk": 96, "model": "huts.agency", "fields": {"url": "http://bcmc.ca/", "name": "BC Mountaineering Club"}}, {"pk": 97, "model": "huts.agency", "fields": {"url": "http://www.env.gov.bc.ca/bcparks/explore/parkpgs/babine_mtn", "name": "BC Parks : Babine Mountains Provincial Park"}}, {"pk": 98, "model": "huts.agency", "fields": {"url": "http://www.env.gov.bc.ca/bcparks/explore/parkpgs/bowron_lk/", "name": "BC Parks : Bowron Lake Provincial Park"}}, {"pk": 99, "model": "huts.agency", "fields": {"url": "http://www.env.gov.bc.ca/bcparks/explore/parkpgs/cascade/", "name": "BC Parks : Cascade Recreation Area"}}, {"pk": 100, "model": "huts.agency", "fields": {"url": "http://www.env.gov.bc.ca/bcparks/explore/parkpgs/denetiah/", "name": "BC Parks : Denetiah Provincial Park"}}, {"pk": 101, "model": "huts.agency", "fields": {"url": "http://www.env.gov.bc.ca/bcparks/explore/parkpgs/eneas_lk/", "name": "BC Parks : Eneas Lakes Provincial Park"}}, {"pk": 102, "model": "huts.agency", "fields": {"url": "http://www.env.gov.bc.ca/bcparks/explore/parkpgs/garibaldi/", "name": "BC Parks : Garibaldi Provincial Park"}}, {"pk": 103, "model": "huts.agency", "fields": {"url": "http://www.env.gov.bc.ca/bcparks/explore/parkpgs/gitnadoiks_rv/", "name": "BC Parks : Gitnadoiks River Provincial Park"}}, {"pk": 104, "model": "huts.agency", "fields": {"url": "http://www.env.gov.bc.ca/bcparks/explore/parkpgs/golden_ears/", "name": "BC Parks : Golden Ears Provincial Park"}}, {"pk": 105, "model": "huts.agency", "fields": {"url": "http://www.env.gov.bc.ca/bcparks/explore/parkpgs/granby/", "name": "BC Parks : Granby Provincial Park"}}, {"pk": 106, "model": "huts.agency", "fields": {"url": "http://www.env.gov.bc.ca/bcparks/explore/parkpgs/height/", "name": "BC Parks : Height of the Rockies Provincial Park"}}, {"pk": 107, "model": "huts.agency", "fields": {"url": "http://www.env.gov.bc.ca/bcparks/explore/parkpgs/itcha_ilgachuz/", "name": "BC Parks : Itcha Cabin Society"}}, {"pk": 108, "model": "huts.agency", "fields": {"url": "http://www.env.gov.bc.ca/bcparks/explore/parkpgs/kakwa/", "name": "BC Parks : Kakwa Provincial Park and Protected Area"}}, {"pk": 109, "model": "huts.agency", "fields": {"url": "http://www.env.gov.bc.ca/bcparks/explore/parkpgs/ecmanning/", "name": "BC Parks : Manning Provincial Park"}}, {"pk": 110, "model": "huts.agency", "fields": {"url": "http://www.env.gov.bc.ca/bcparks/explore/parkpgs/moose_val/", "name": "BC Parks : Moose Valley Provincial Park"}}, {"pk": 111, "model": "huts.agency", "fields": {"url": "http://www.env.gov.bc.ca/bcparks/explore/parkpgs/moriceLake/", "name": "BC Parks : Morice Lake Provincial Park"}}, {"pk": 112, "model": "huts.agency", "fields": {"url": "http://www.env.gov.bc.ca/bcparks/explore/parkpgs/mt_assiniboine/", "name": "BC Parks : Mount Assiniboine Provincial Park"}}, {"pk": 113, "model": "huts.agency", "fields": {"url": "http://www.env.gov.bc.ca/bcparks/explore/parkpgs/naikoon/", "name": "BC Parks : Naikoon - Agate Beach and Misty Meadows Provincial Park"}}, {"pk": 114, "model": "huts.agency", "fields": {"url": "http://www.env.gov.bc.ca/bcparks/explore/parkpgs/n_rocky/", "name": "BC Parks : Northern Rocky Mountains Provincial Park"}}, {"pk": 115, "model": "huts.agency", "fields": {"url": "http://www.env.gov.bc.ca/bcparks/explore/parkpgs/okana_mt/", "name": "BC Parks : Okanagan Mountain Provincial Park"}}, {"pk": 116, "model": "huts.agency", "fields": {"url": "http://www.env.gov.bc.ca/bcparks/explore/parkpgs/redfern/", "name": "BC Parks : Redfern-Keily Provincial Park"}}, {"pk": 117, "model": "huts.agency", "fields": {"url": "http://www.env.gov.bc.ca/bcparks/explore/parkpgs/snowy/", "name": "BC Parks : Snowy Protected Area"}}, {"pk": 118, "model": "huts.agency", "fields": {"url": "http://www.env.gov.bc.ca/bcparks/explore/parkpgs/spatsizi/", "name": "BC Parks : Spatsizi Plateau Wilderness Provincial Park"}}, {"pk": 119, "model": "huts.agency", "fields": {"url": "http://www.env.gov.bc.ca/bcparks/explore/parkpgs/tatlatui/", "name": "BC Parks : Tatlatui Provincial Park"}}, {"pk": 120, "model": "huts.agency", "fields": {"url": "http://www.env.gov.bc.ca/bcparks/explore/parkpgs/top_world/", "name": "BC Parks : Top of the World Provincial Park"}}, {"pk": 121, "model": "huts.agency", "fields": {"url": "http://www.env.gov.bc.ca/bcparks/explore/parkpgs/tweeds_n/", "name": "BC Parks : Tweedsmuir North Provincial Park"}}, {"pk": 122, "model": "huts.agency", "fields": {"url": "http://www.env.gov.bc.ca/bcparks/explore/parkpgs/wapiti_lake/", "name": "BC Parks : Wapiti Lake Provincial Park"}}, {"pk": 123, "model": "huts.agency", "fields": {"url": "http://www.env.gov.bc.ca/bcparks/explore/parkpgs/wells_gry/", "name": "BC Parks : Wells Gray Provincial Park"}}, {"pk": 124, "model": "huts.agency", "fields": {"url": "http://www.env.gov.bc.ca/bcparks/explore/parkpgs/ecmanning/", "name": "BC Parks: E. C. Manning Provincial Park"}}, {"pk": 125, "model": "huts.agency", "fields": {"url": "http://bearmountaineering.ca/", "name": "Bear Mountaineering"}}, {"pk": 126, "model": "huts.agency", "fields": {"url": "http://www.btsc.ca/", "name": "Black Tusk Snowmobile Club"}}, {"pk": 127, "model": "huts.agency", "fields": {"url": "http://www.blanketglacierchalet.com/", "name": "Blanket Glacier Chalet"}}, {"pk": 128, "model": "huts.agency", "fields": {"url": "http://boulderhutadventures.com/", "name": "Boulder Hut Adventures"}}, {"pk": 129, "model": "huts.agency", "fields": {"url": "http://www.bbss.ca/", "name": "Bulkley Backcountry Ski Society"}}, {"pk": 130, "model": "huts.agency", "fields": {"url": "http://www.bvnordic.ca/", "name": "Bulkley Valley Cross Country Ski Club"}}, {"pk": 131, "model": "huts.agency", "fields": {"url": "http://www.callaghancountry.com/", "name": "Callaghan Country"}}, {"pk": 132, "model": "huts.agency", "fields": {"url": "http://www.skigolden.com/", "name": "Campbell Icefield Chalet"}}, {"pk": 133, "model": "huts.agency", "fields": {"url": "http://caribooski.ca/", "name": "Cariboo Ski Touring Club"}}, {"pk": 134, "model": "huts.agency", "fields": {"url": "http://www.cathedrallakes.ca/", "name": "Cathedral Lakes Lodge"}}, {"pk": 135, "model": "huts.agency", "fields": {"url": "http://www.cvhsinfo.org/", "name": "Columbia Valley Hut Society"}}, {"pk": 136, "model": "huts.agency", "fields": {"url": "http://dezaiko.com/", "name": "Dezaiko Lodge"}}, {"pk": 137, "model": "huts.agency", "fields": {"url": "http://www.goldenalpineholidays.com/", "name": "Golden Alpine Holidays"}}, {"pk": 138, "model": "huts.agency", "fields": {"url": "PO Box L-17, RR1, Bowen Island, BC V0N 1G0", "name": "Graham Underhill"}}, {"pk": 139, "model": "huts.agency", "fields": {"url": "http://www.haisla.ca/", "name": "Haisla First Nation"}}, {"pk": 140, "model": "huts.agency", "fields": {"url": "http://www.davehenry.com/", "name": "Headwaters Outfitting"}}, {"pk": 141, "model": "huts.agency", "fields": {"url": "http://www.hihostels.com/", "name": "Hostel International"}}, {"pk": 142, "model": "huts.agency", "fields": {"url": "http://www.icecreeklodge.com/", "name": "Ice Creek Lodge"}}, {"pk": 143, "model": "huts.agency", "fields": {"url": "http://www.icefall.ca/", "name": "Icefall Lodge"}}, {"pk": 144, "model": "huts.agency", "fields": {"url": "http://www.opencharity.ca/charity/892355447RR0001", "name": "Keith Flavelle Memorial Hut Society"}}, {"pk": 145, "model": "huts.agency", "fields": {"url": "http://www.thesunshinecoast.com/whattodo/knucklehead.html", "name": "Knuckleheads Winter Recreation Association "}}, {"pk": 146, "model": "huts.agency", "fields": {"url": "http://www.kootenaymountaineering.bc.ca/", "name": "Kootenay Mountaineering Club"}}, {"pk": 147, "model": "huts.agency", "fields": {"url": "http://www.lakeohara.com/", "name": "Lake O'Hara Lodge"}}, {"pk": 148, "model": "huts.agency", "fields": {"url": "http://ldair.ca/", "name": "Lakes District Air Services"}}, {"pk": 149, "model": "huts.agency", "fields": {"url": "1 (250) 563-6387", "name": "McGregor Wilderness Society "}}, {"pk": 150, "model": "huts.agency", "fields": {"url": "http://www.mistayalodge.com/", "name": "Mistaya Lodge"}}, {"pk": 151, "model": "huts.agency", "fields": {"url": "http://www.skihikebc.com/", "name": "Mount Carlyle Backcountry Lodge"}}, {"pk": 152, "model": "huts.agency", "fields": {"url": "http://www.mtremo.ca/", "name": "Mount Remo Backcountry Society"}}, {"pk": 153, "model": "huts.agency", "fields": {"url": "http://www.northern-rockies-lodge.com/", "name": "Northern Rockies Vacations"}}, {"pk": 154, "model": "huts.agency", "fields": {"url": "1 (250) 569-2596 (Glen Stanley)", "name": "Ozalenka Alpine Club"}}, {"pk": 155, "model": "huts.agency", "fields": {"url": "http://www.pc.gc.ca/pn-np/bc/revelstoke/index.aspx", "name": "Parks Canada : Mount Revelstoke National Park"}}, {"pk": 156, "model": "huts.agency", "fields": {"url": "http://www.pc.gc.ca/lhn-nhs/yt/chilkoot/index.aspx", "name": "Parks Canada: Chilkoot Trail National Historic Site"}}, {"pk": 157, "model": "huts.agency", "fields": {"url": "http://www.pembertonwildlifeassociation.com/", "name": "Pemberton Wildlife Association"}}, {"pk": 158, "model": "huts.agency", "fields": {"url": "http://powdercreeklodge.com/", "name": "Powder Creek Lodge"}}, {"pk": 159, "model": "huts.agency", "fields": {"url": "http://www.pgbrs.com/", "name": "Prince George Backcountry Recreation Society"}}, {"pk": 160, "model": "huts.agency", "fields": {"url": "http://purcellmountainlodge.com/", "name": "Purcell Mountain Lodge"}}, {"pk": 161, "model": "huts.agency", "fields": {"url": "http://www.redfernriverlodge.ca/", "name": "Redfern River Lodge"}}, {"pk": 162, "model": "huts.agency", "fields": {"url": "http://www.selkirklodge.ca/", "name": "Selkirk Lodge"}}, {"pk": 163, "model": "huts.agency", "fields": {"url": "http://www.selkirkexperience.com/index.html", "name": "Selkirk Mountain Experience"}}, {"pk": 164, "model": "huts.agency", "fields": {"url": "http://www.snowymountain.ca/", "name": "Snowy Mountain Alpine Tours"}}, {"pk": 165, "model": "huts.agency", "fields": {"url": "http://www.solmountain.com/", "name": "Sol Mountain Touring"}}, {"pk": 166, "model": "huts.agency", "fields": {"url": "http://www.sorcererlodge.com/", "name": "Sorcerer Lodge"}}, {"pk": 167, "model": "huts.agency", "fields": {"url": "http://www.taluslodge.com/", "name": "Talus Lodge"}}, {"pk": 168, "model": "huts.agency", "fields": {"url": "http://tetoutdoor.weebly.com/", "name": "Tetrahedron Outdoor Club"}}, {"pk": 169, "model": "huts.agency", "fields": {"url": "http://www.ubc-voc.com/", "name": "UBC Varsity Outdoor Club"}}, {"pk": 170, "model": "huts.agency", "fields": {"url": "unbcoc@gmail.com", "name": "UNBC Outdoors Club"}}, {"pk": 171, "model": "huts.agency", "fields": {"url": "http://www.valhallamountainlodge.com/", "name": "Valhalla Mountain Lodge"}}, {"pk": 172, "model": "huts.agency", "fields": {"url": "http://vmt.ca/", "name": "Valhalla Mountain Touring"}}, {"pk": 173, "model": "huts.agency", "fields": {"url": "http://www.vws.org/", "name": "Valhalla Wilderness Society"}}, {"pk": 174, "model": "huts.agency", "fields": {"url": "http://valkyradventures.com/", "name": "Valkyr Adventures"}}, {"pk": 175, "model": "huts.agency", "fields": {"url": "http://www.skihike.com/", "name": "Wells Gray Adventures"}}, {"pk": 176, "model": "huts.agency", "fields": {"url": "http://www.whitecapalpine.ca/", "name": "White Cap Alpine"}}, {"pk": 177, "model": "huts.agency", "fields": {"url": "1 (250) 566-8244 (Patricia Thoni)", "name": "Yellowhead Outdoor Recreation Association"}}, {"pk": 178, "model": "huts.agency", "fields": {"url": "http://www.kootenayexperience.com/yurts.htm", "name": "Ymir Yurts"}}, {"pk": 179, "model": "huts.agency", "fields": {"url": "http://www.pc.gc.ca/pn-np/mb/riding/index.aspx", "name": "Parks Canada: Riding Mountain National Park"}}, {"pk": 180, "model": "huts.agency", "fields": {"url": "http://www.pc.gc.ca/eng/pn-np/nb/kouchibouguac/index.aspx", "name": "Parks Canada : Kouchibouguac National Park"}}, {"pk": 181, "model": "huts.agency", "fields": {"url": "http://www.pc.gc.ca/pn-np/nb/fundy/index.aspx", "name": "Parks Canada: Fundy National Park"}}, {"pk": 182, "model": "huts.agency", "fields": {"url": "http://www.pc.gc.ca/pn-np/nl/grosmorne/", "name": "Parks Canada: Gros Morne National Park"}}, {"pk": 183, "model": "huts.agency", "fields": {"url": "http://www.pc.gc.ca/pn-np/ns/cbreton/index.aspx", "name": "Parks Canada: Cape Breton Highlands National Park"}}, {"pk": 184, "model": "huts.agency", "fields": {"url": "http://www.pc.gc.ca/pn-np/nu/auyuittuq/index.aspx", "name": "Parks Canada : Auyuittuq National Park"}}, {"pk": 185, "model": "huts.agency", "fields": {"url": "http://www.pc.gc.ca/eng/pn-np/on/georg/index.aspx", "name": "Parks Canada : Georgian Bay Islands National Park"}}, {"pk": 186, "model": "huts.agency", "fields": {"url": "http://www.traverseedecharlevoix.qc.ca/", "name": "Travers\u00e9e de Charlevoix"}}, {"pk": 187, "model": "huts.agency", "fields": {"url": "68794119", "name": "Kahu Hikuwai"}}, {"pk": 188, "model": "huts.agency", "fields": {"url": "http://alpineclub.org.nz/", "name": "New Zealand Alpine Club"}}, {"pk": 189, "model": "huts.agency", "fields": {"url": "", "name": "Wanganui High School"}}, {"pk": 190, "model": "huts.agency", "fields": {"url": "07-3323629", "name": "Winston Fleming"}}, {"pk": 191, "model": "huts.agency", "fields": {"url": "http://www.cmc.net.nz/", "name": "Canterbury Mountain Club"}}, {"pk": 192, "model": "huts.agency", "fields": {"url": "", "name": "Dingleburn Station"}}, {"pk": 193, "model": "huts.agency", "fields": {"url": "", "name": "Glen Lyon Station"}}, {"pk": 194, "model": "huts.agency", "fields": {"url": "", "name": "Godley Station"}}, {"pk": 195, "model": "huts.agency", "fields": {"url": "http://www.facebook.com/mtbrownhut", "name": "Mt. Brown Hut Community Project Team"}}, {"pk": 196, "model": "huts.agency", "fields": {"url": "http://www.middlemarch.co.nz/big_hut/", "name": "Rock and Pillars Hut Trust"}}, {"pk": 197, "model": "huts.agency", "fields": {"url": "http://www.climbalaska.org/", "name": "Alaska Mountaineering School"}}, {"pk": 198, "model": "huts.agency", "fields": {"url": "http://dnr.alaska.gov/parks/units/kodiak/afognak.htm", "name": "Alaska State Parks: Afognak Island State Park"}}, {"pk": 199, "model": "huts.agency", "fields": {"url": "http://dnr.alaska.gov/parks/units/caineshd.htm", "name": "Alaska State Parks: Caines Head State Recreation Area"}}, {"pk": 200, "model": "huts.agency", "fields": {"url": "http://dnr.alaska.gov/parks/units/chena/", "name": "Alaska State Parks: Chena River State Recreation Area"}}, {"pk": 201, "model": "huts.agency", "fields": {"url": "http://dnr.alaska.gov/parks/units/chugach/", "name": "Alaska State Parks: Chugach State Parks"}}, {"pk": 202, "model": "huts.agency", "fields": {"url": "http://dnr.alaska.gov/parks/units/pwssmp/smpwhit1.htm", "name": "Alaska State Parks: Decision Point State Marine Park"}}, {"pk": 203, "model": "huts.agency", "fields": {"url": "http://dnr.alaska.gov/parks/units/denali1.htm", "name": "Alaska State Parks: Denali State Park"}}, {"pk": 204, "model": "huts.agency", "fields": {"url": "", "name": "Alaska State Parks: Grindall Island State Marine Park"}}, {"pk": 205, "model": "huts.agency", "fields": {"url": "http://dnr.alaska.gov/parks/units/kbay/kbay.htm", "name": "Alaska State Parks: Kachemak Bay State Park"}}, {"pk": 206, "model": "huts.agency", "fields": {"url": "http://dnr.alaska.gov/parks/units/nancylk/nancylk.htm", "name": "Alaska State Parks: Nancy Lake State Recreation Area"}}, {"pk": 207, "model": "huts.agency", "fields": {"url": "http://dnr.alaska.gov/parks/aspunits/southeast/oliverinsmp.htm", "name": "Alaska State Parks: Oliver Inlet State Marine Park"}}, {"pk": 208, "model": "huts.agency", "fields": {"url": "http://dnr.alaska.gov/parks/units/ptbridg1.htm", "name": "Alaska State Parks: Point Bridget State Park"}}, {"pk": 209, "model": "huts.agency", "fields": {"url": "", "name": "Alaska State Parks: Shelter Island State Marine Park"}}, {"pk": 210, "model": "huts.agency", "fields": {"url": "http://dnr.alaska.gov/parks/units/pwssmp/smpvald.htm", "name": "Alaska State Parks: Shoup Bay State Marine Park"}}, {"pk": 211, "model": "huts.agency", "fields": {"url": "http://dnr.alaska.gov/parks/units/kodiak/shuyak.htm", "name": "Alaska State Parks: Shuyak Island State Park"}}, {"pk": 212, "model": "huts.agency", "fields": {"url": "", "name": "Alaska State Parks: St. James Bay State Marine Park"}}, {"pk": 213, "model": "huts.agency", "fields": {"url": "http://dnr.alaska.gov/parks/aspunits/marinepark/takuharbrsmp.htm", "name": "Alaska State Parks: Taku Harbor State Marine Park"}}, {"pk": 214, "model": "huts.agency", "fields": {"url": "http://dnr.alaska.gov/parks/units/pwssmp/smpsewd.htm", "name": "Alaska State Parks: Thumb Cove State Marine Park"}}, {"pk": 215, "model": "huts.agency", "fields": {"url": "", "name": "Alaska State Parks: Yakataga State Game Refuge"}}, {"pk": 216, "model": "huts.agency", "fields": {"url": "http://alaskanyurtrentals.com", "name": "Alaskan Yurt Rentals "}}, {"pk": 217, "model": "huts.agency", "fields": {"url": "http://www.blm.gov/ak/st/en/prog/nlcs/iditarod.html", "name": "BLM: Iditarod National Historic Trail"}}, {"pk": 218, "model": "huts.agency", "fields": {"url": "http://www.blm.gov/ak/st/en/prog/recreation/pinnell_mtn_rec.html", "name": "BLM: Pinnell Mountain National Recreation Trail"}}, {"pk": 219, "model": "huts.agency", "fields": {"url": "http://www.blm.gov/ak/st/en/prog/nlcs/white_mtns.html", "name": "BLM: White Mountains National Recreation Area"}}, {"pk": 220, "model": "huts.agency", "fields": {"url": "http://www.denaliviewchalet.com/", "name": "Denali View Chalet"}}, {"pk": 221, "model": "huts.agency", "fields": {"url": "http://www.ernc.org/", "name": "Eagle River Nature Center"}}, {"pk": 222, "model": "huts.agency", "fields": {"url": "http://www.hatcherpasslodge.com", "name": "Hatcher Pass Lodge"}}, {"pk": 223, "model": "huts.agency", "fields": {"url": "http://www.kenaifjordsglacierlodge.com/", "name": "Kenai Fjords Glacier Lodge"}}, {"pk": 224, "model": "huts.agency", "fields": {"url": "http://www.mtnclubak.org/", "name": "Mountaineering Club of Alaska"}}, {"pk": 225, "model": "huts.agency", "fields": {"url": "http://www.nps.gov/katm/", "name": "NPS: Katmai National Park & Preserve"}}, {"pk": 226, "model": "huts.agency", "fields": {"url": "http://www.nps.gov/kefj/", "name": "NPS: Kenai Fjords National Park"}}, {"pk": 227, "model": "huts.agency", "fields": {"url": "http://www.nps.gov/wrst/", "name": "NPS: Wrangell-St. Elias National Park & Preserve"}}, {"pk": 228, "model": "huts.agency", "fields": {"url": "http://www.nps.gov/yuch/", "name": "NPS: Yukon-Charley Rivers National Preserve"}}, {"pk": 229, "model": "huts.agency", "fields": {"url": "http://www.sadiecove.com/", "name": "Sadie Cove Wilderness Lodge"}}, {"pk": 230, "model": "huts.agency", "fields": {"url": "www.alaska-alpine-club.com", "name": "UAF Alaska Alpine Club"}}, {"pk": 231, "model": "huts.agency", "fields": {"url": "http://www.fs.usda.gov/main/chugach/home", "name": "USFS: Chugach National Forest"}}, {"pk": 232, "model": "huts.agency", "fields": {"url": "http://www.fs.fed.us/r10/tongass/", "name": "USFS: Tongass National Forest"}}, {"pk": 233, "model": "huts.agency", "fields": {"url": "http://kenai.fws.gov/", "name": "USFWS: Kenai National Wildlife Refuge"}}, {"pk": 234, "model": "huts.agency", "fields": {"url": "http://kodiak.fws.gov/", "name": "USFWS: Kodiak National Wildlife Refuge"}}, {"pk": 235, "model": "huts.agency", "fields": {"url": "http://www.offgridgetaways.com/", "name": "Flagstaff Nordic Center"}}, {"pk": 236, "model": "huts.agency", "fields": {"url": "http://www.grandcanyonlodges.com/", "name": "Grand Canyon Lodges"}}, {"pk": 237, "model": "huts.agency", "fields": {"url": "", "name": "Horseshoe Canyon Ranch"}}, {"pk": 238, "model": "huts.agency", "fields": {"url": "http://www.nps.gov/yose/", "name": "NPS: Yosemite National Park"}}, {"pk": 239, "model": "huts.agency", "fields": {"url": "http://www.oz-farm.com/", "name": "OZ Farm"}}, {"pk": 240, "model": "huts.agency", "fields": {"url": "http://www.sequoiahistory.org/", "name": "Sequoia Natural History Association"}}, {"pk": 241, "model": "huts.agency", "fields": {"url": "http://www.sierraclub.org/foundation/", "name": "Sierra Club Foundation"}}, {"pk": 242, "model": "huts.agency", "fields": {"url": "http://www.sierraclub.org/outings/", "name": "Sierra Club Outings"}}, {"pk": 243, "model": "huts.agency", "fields": {"url": "http://angeles.sierraclub.org/", "name": "Sierra Club: Angeles Chapter"}}, {"pk": 244, "model": "huts.agency", "fields": {"url": "http://lp.sierraclub.org/", "name": "Sierra Club: Loma Prieta Chapter"}}, {"pk": 245, "model": "huts.agency", "fields": {"url": "http://sandiego.sierraclub.org/", "name": "Sierra Club: San Diego Chapter"}}, {"pk": 246, "model": "huts.agency", "fields": {"url": "http://highsierra.com/sst/", "name": "Sierra Ski Touring"}}, {"pk": 247, "model": "huts.agency", "fields": {"url": "http://www.tiogapassresort.com/", "name": "Tioga Pass Resort"}}, {"pk": 248, "model": "huts.agency", "fields": {"url": "http://www.fs.fed.us/r5/eldorado", "name": "USFS: Eldorado National Forest"}}, {"pk": 249, "model": "huts.agency", "fields": {"url": "http://www.yosemiteconservancy.org/", "name": "Yosemite Conservancy"}}, {"pk": 250, "model": "huts.agency", "fields": {"url": "http://www.yosemitepark.com/", "name": "Yosemite Parks and Resorts"}}, {"pk": 251, "model": "huts.agency", "fields": {"url": "http://www.ct-amc.org/CT/index.shtm", "name": "AMC - Connecticut Chapter"}}, {"pk": 252, "model": "huts.agency", "fields": {"url": "http://www.outdoors.org/lodging/", "name": "Appalachian Mountain Club"}}, {"pk": 253, "model": "huts.agency", "fields": {"url": "http://www.georgia-atclub.org/", "name": "Georgia Appalachian Trail Club"}}, {"pk": 254, "model": "huts.agency", "fields": {"url": "http://www.isu.edu/outdoor/", "name": "Idaho State University: Outdoor Adventure Center"}}, {"pk": 255, "model": "huts.agency", "fields": {"url": "http://www.payettelakesalpineyurts.com/", "name": "Payette Lakes Alpine Yurts"}}, {"pk": 256, "model": "huts.agency", "fields": {"url": "http://www.payettepowderguides.com/", "name": "Payette Powder Guides"}}, {"pk": 257, "model": "huts.agency", "fields": {"url": "http://sawtoothguides.com/", "name": "Sawtooth Mountain Guides"}}, {"pk": 258, "model": "huts.agency", "fields": {"url": "http://parksandrecreation.idaho.gov/recreation", "name": "State of Idaho: Parks and Recreation"}}, {"pk": 259, "model": "huts.agency", "fields": {"url": "http://www.svtrek.com/", "name": "Sun Valley Trekking"}}, {"pk": 260, "model": "huts.agency", "fields": {"url": "http://www.fs.usda.gov/main/clearwater/home", "name": "USFS: Clearwater National Forest"}}, {"pk": 261, "model": "huts.agency", "fields": {"url": "http://www.fs.usda.gov/main/ipnf/home", "name": "USFS: Idaho Panhandle National Forest"}}, {"pk": 262, "model": "huts.agency", "fields": {"url": "http://www.fs.usda.gov/main/nezperce/home", "name": "USFS: Nez Perce National Forest"}}, {"pk": 263, "model": "huts.agency", "fields": {"url": "http://www.outdoors.org/", "name": "Appalachian Mountain Club"}}, {"pk": 264, "model": "huts.agency", "fields": {"url": "http://www.outdoors.org/lodging/mainelodges/", "name": "Appalachian Mountain Club: Maine Wilderness Lodges"}}, {"pk": 265, "model": "huts.agency", "fields": {"url": "http://www.matc.org/", "name": "Maine Appalachian Trail Club"}}, {"pk": 266, "model": "huts.agency", "fields": {"url": "http://www.mainehuts.org/", "name": "Maine Huts & Trails"}}, {"pk": 267, "model": "huts.agency", "fields": {"url": "http://www.nps.gov/acad/", "name": "NPS: Acadia National Park"}}, {"pk": 268, "model": "huts.agency", "fields": {"url": "http://www.shawneepeak.com/", "name": "Shawnee Peak"}}, {"pk": 269, "model": "huts.agency", "fields": {"url": "http://www.patc.net/", "name": "Potomac Appalachian Trail Club"}}, {"pk": 270, "model": "huts.agency", "fields": {"url": "http://amcberkshire.org/", "name": "AMC - Berkshire Chapter"}}, {"pk": 271, "model": "huts.agency", "fields": {"url": "http://www.boundarycountry.com/", "name": "Boundary Country Trekking"}}, {"pk": 272, "model": "huts.agency", "fields": {"url": "http://www.altoonaridgelodge.com/", "name": "Altoona Ridge Lodge"}}, {"pk": 273, "model": "huts.agency", "fields": {"url": "http://www.cityoftroymontana.com/", "name": "City of Troy"}}, {"pk": 274, "model": "huts.agency", "fields": {"url": "http://downingmountainlodge.com/", "name": "Downing Mountain Lodge"}}, {"pk": 275, "model": "huts.agency", "fields": {"url": "http://www.graniteparkchalet.com/", "name": "Granite Park Chalet"}}, {"pk": 276, "model": "huts.agency", "fields": {"url": "http://greatnorthernpowderguides.com/", "name": "Great Northern Powder Guides"}}, {"pk": 277, "model": "huts.agency", "fields": {"url": "http://www.skihellroaring.com/", "name": "Hellroaring Ski Adventures"}}, {"pk": 278, "model": "huts.agency", "fields": {"url": "http://www.skimba.com/", "name": "Montana Backcountry Adventures"}}, {"pk": 279, "model": "huts.agency", "fields": {"url": "http://www.fs.usda.gov/main/bdnf/home", "name": "USFS: Beaverhead-Deerlodge National Forest"}}, {"pk": 280, "model": "huts.agency", "fields": {"url": "http://www.fs.usda.gov/main/bitterroot/home", "name": "USFS: Bitterroot National Forest"}}, {"pk": 281, "model": "huts.agency", "fields": {"url": "http://www.fs.usda.gov/main/flathead/home", "name": "USFS: Flathead National Forest"}}, {"pk": 282, "model": "huts.agency", "fields": {"url": "http://www.fs.usda.gov/main/gallatin/home", "name": "USFS: Gallatin National Forest"}}, {"pk": 283, "model": "huts.agency", "fields": {"url": "http://www.fs.usda.gov/main/kootenai/home", "name": "USFS: Kootenai National Forest"}}, {"pk": 284, "model": "huts.agency", "fields": {"url": "http://www.fs.usda.gov/main/lcnf/home", "name": "USFS: Lewis and Clark National Forest"}}, {"pk": 285, "model": "huts.agency", "fields": {"url": "http://www.yurtski.com/", "name": "Yurtski"}}, {"pk": 286, "model": "huts.agency", "fields": {"url": "http://www.losttraillodge.com/", "name": "Lost Trail Lodge"}}, {"pk": 287, "model": "huts.agency", "fields": {"url": "http://crosscountryskitahoe.com/", "name": "Spooner Lake Cross Country Ski Area"}}, {"pk": 288, "model": "huts.agency", "fields": {"url": "http://www.outdoors.org/lodging/whitemountains/", "name": "Appalachian Mountain Club: White Mountains Lodges & Huts"}}, {"pk": 289, "model": "huts.agency", "fields": {"url": "http://brettonwoods.com/winter_sports/nordic/overview", "name": "Bretton Woods Nordic Center"}}, {"pk": 290, "model": "huts.agency", "fields": {"url": "http://cardiganhideaway.com/", "name": "Cardigan Hideaway"}}, {"pk": 291, "model": "huts.agency", "fields": {"url": "http://www.dartmouth.edu/~doc/", "name": "Dartmouth Outing Club"}}, {"pk": 292, "model": "huts.agency", "fields": {"url": "http://www.harvardmountaineering.org/", "name": "Harvard Mountaineering Club"}}, {"pk": 293, "model": "huts.agency", "fields": {"url": "http://www.nhyurt.com/", "name": "Piper Mountain Yurt"}}, {"pk": 294, "model": "huts.agency", "fields": {"url": "http://www.randolphmountainclub.org/", "name": "Randolph Mountain Club"}}, {"pk": 295, "model": "huts.agency", "fields": {"url": "http://www.fs.fed.us/r9/forests/white_mountain/", "name": "USFS: White Mountain National Forest"}}, {"pk": 296, "model": "huts.agency", "fields": {"url": "http://www.nynjtc.org/", "name": "New York-New Jersey Trail Conference"}}, {"pk": 297, "model": "huts.agency", "fields": {"url": "http://adkguideboat.com/adirondack-vacation-rentals/", "name": "Adirondack Vacation Rentals"}}, {"pk": 298, "model": "huts.agency", "fields": {"url": "http://www.fallsbrookyurts.com/", "name": "Falls Brook Yurts"}}, {"pk": 299, "model": "huts.agency", "fields": {"url": "http://www.nantahalahikingclub.org/", "name": "Nantahala Hiking Club"}}, {"pk": 300, "model": "huts.agency", "fields": {"url": "http://www.smhclub.org/", "name": "Smoky Mountain Hiking Club"}}, {"pk": 301, "model": "huts.agency", "fields": {"url": "http://www.carolinamtnclub.com/", "name": "Carolina Mountain Club"}}, {"pk": 302, "model": "huts.agency", "fields": {"url": "http://www.tehcc.org/", "name": "Tennessee Eastman Hiking and Canoeing Club"}}, {"pk": 303, "model": "huts.agency", "fields": {"url": "http://www.cascadehuts.com/", "name": "Cascade Huts"}}, {"pk": 304, "model": "huts.agency", "fields": {"url": "http://www.mazamas.org/", "name": "Mazamas"}}, {"pk": 305, "model": "huts.agency", "fields": {"url": "https://threesistersbackcountry.com", "name": "Three Sisters Backcountry"}}, {"pk": 306, "model": "huts.agency", "fields": {"url": "http://www.wallowahuts.com/", "name": "Wallowa Alpine Huts"}}, {"pk": 307, "model": "huts.agency", "fields": {"url": "http://www.wingski.com/", "name": "Wing Ridge Ski Tours"}}, {"pk": 308, "model": "huts.agency", "fields": {"url": "http://www.allentownhikingclub.org/", "name": "Allentown Hiking Club"}}, {"pk": 309, "model": "huts.agency", "fields": {"url": "http://www.amcdv.org/", "name": "AMC - Delaware Valley Chapter"}}, {"pk": 310, "model": "huts.agency", "fields": {"url": "http://www.bmecc.org/", "name": "Blue Mountain Eagle Climbing Club"}}, {"pk": 311, "model": "huts.agency", "fields": {"url": "http://www.mcomd.org/", "name": "Mountain Club of Maryland"}}, {"pk": 312, "model": "huts.agency", "fields": {"url": "http://www.satc-hike.org/", "name": "Susquehanna Appalachian Trail Club"}}, {"pk": 313, "model": "huts.agency", "fields": {"url": "http://www.wilmingtontrailclub.org/", "name": "Wilmington Trail Club"}}, {"pk": 314, "model": "huts.agency", "fields": {"url": "http://www.yorkhikingclub.com/", "name": "York Hiking Club"}}, {"pk": 315, "model": "huts.agency", "fields": {"url": "http://www.charitcreeklodge.com/", "name": "Charit Creek Lodge"}}, {"pk": 316, "model": "huts.agency", "fields": {"url": "http://www.leconte-lodge.com/", "name": "LeConte Lodge"}}, {"pk": 317, "model": "huts.agency", "fields": {"url": "http://www.tagalong.com", "name": " Tag-a-Long Expeditions"}}, {"pk": 318, "model": "huts.agency", "fields": {"url": "http://www.brorayurts.org/", "name": "Bear River Outdoor Recreational Alliance"}}, {"pk": 319, "model": "huts.agency", "fields": {"url": "http://www.bluesky-adventures.com/", "name": "Blue Sky Adventures"}}, {"pk": 320, "model": "huts.agency", "fields": {"url": "", "name": "Mill Hollow Outdoor Education Center"}}, {"pk": 321, "model": "huts.agency", "fields": {"url": "http://www.thenoec.org/", "name": "Norwegian Outdoor Exploration Center"}}, {"pk": 322, "model": "huts.agency", "fields": {"url": "http://powderridgeyurts.blogspot.com/", "name": "Powder Ridge Yurts"}}, {"pk": 323, "model": "huts.agency", "fields": {"url": "http://www.recreation.slco.org/parks/millCreekCanyon/index.html", "name": "Salt Lake County Parks & Recreation: Mill Creek Canyon"}}, {"pk": 324, "model": "huts.agency", "fields": {"url": "http://www.utahnordic.com/", "name": "The Utah Nordic Alliance"}}, {"pk": 325, "model": "huts.agency", "fields": {"url": "http://www.skitushar.com/", "name": "Tushar Mountain Tours"}}, {"pk": 326, "model": "huts.agency", "fields": {"url": "http://www.fs.usda.gov/main/ashley/", "name": "USFS: Ashley National Forest: Vernal Ranger District"}}, {"pk": 327, "model": "huts.agency", "fields": {"url": "http://www.usu.edu/camprec/htm/orp/", "name": "Utah State University: Outdoor Recreation Program"}}, {"pk": 328, "model": "huts.agency", "fields": {"url": "http://www.weber.edu/outdoor/", "name": "Weber State University: Outdoor Program"}}, {"pk": 329, "model": "huts.agency", "fields": {"url": "http://whitepinetouring.com", "name": "White Pine Touring"}}, {"pk": 330, "model": "huts.agency", "fields": {"url": "http://www.greenmountainclub.org/", "name": "Green Mountain Club"}}, {"pk": 331, "model": "huts.agency", "fields": {"url": "http://maplewindfarm.com/", "name": "Maple Wind Farm"}}, {"pk": 332, "model": "huts.agency", "fields": {"url": "http://merckforest.org/", "name": "Merck Forest & Farmland Center"}}, {"pk": 333, "model": "huts.agency", "fields": {"url": "http://www.bearsdencenter.org/", "name": "Bears Den Trail Center"}}, {"pk": 334, "model": "huts.agency", "fields": {"url": "http://mratc.pbworks.com/w/page/8862374/FrontPage", "name": "Mt. Rogers Appalachian Trail Club"}}, {"pk": 335, "model": "huts.agency", "fields": {"url": "http://www.nbatc.org/", "name": "Natural Bridge Appalachian Trail Club"}}, {"pk": 336, "model": "huts.agency", "fields": {"url": "http://www.odatc.net/", "name": "Old Dominion Appalachian Trail Club"}}, {"pk": 337, "model": "huts.agency", "fields": {"url": "http://www.outdoor.org.vt.edu/", "name": "Outdoor Club of Virginia Tech"}}, {"pk": 338, "model": "huts.agency", "fields": {"url": "http://www.path-at.org/", "name": "Piedmont Appalachian Trail Hikers"}}, {"pk": 339, "model": "huts.agency", "fields": {"url": "http://www.ratc.org/", "name": "Roanoke Appalachian Trail Club"}}, {"pk": 340, "model": "huts.agency", "fields": {"url": "http://www.tidewateratc.com/", "name": "Tidewater Appalachian Trail Club"}}, {"pk": 341, "model": "huts.agency", "fields": {"url": "http://www.snowshoemtn.com/", "name": "Snowshoe Mountain"}}, {"pk": 1, "model": "auth.permission", "fields": {"codename": "add_permission", "name": "Can add permission", "content_type": 1}}, {"pk": 2, "model": "auth.permission", "fields": {"codename": "change_permission", "name": "Can change permission", "content_type": 1}}, {"pk": 3, "model": "auth.permission", "fields": {"codename": "delete_permission", "name": "Can delete permission", "content_type": 1}}, {"pk": 4, "model": "auth.permission", "fields": {"codename": "add_group", "name": "Can add group", "content_type": 2}}, {"pk": 5, "model": "auth.permission", "fields": {"codename": "change_group", "name": "Can change group", "content_type": 2}}, {"pk": 6, "model": "auth.permission", "fields": {"codename": "delete_group", "name": "Can delete group", "content_type": 2}}, {"pk": 7, "model": "auth.permission", "fields": {"codename": "add_user", "name": "Can add user", "content_type": 3}}, {"pk": 8, "model": "auth.permission", "fields": {"codename": "change_user", "name": "Can change user", "content_type": 3}}, {"pk": 9, "model": "auth.permission", "fields": {"codename": "delete_user", "name": "Can delete user", "content_type": 3}}, {"pk": 10, "model": "auth.permission", "fields": {"codename": "add_contenttype", "name": "Can add content type", "content_type": 4}}, {"pk": 11, "model": "auth.permission", "fields": {"codename": "change_contenttype", "name": "Can change content type", "content_type": 4}}, {"pk": 12, "model": "auth.permission", "fields": {"codename": "delete_contenttype", "name": "Can delete content type", "content_type": 4}}, {"pk": 13, "model": "auth.permission", "fields": {"codename": "add_session", "name": "Can add session", "content_type": 5}}, {"pk": 14, "model": "auth.permission", "fields": {"codename": "change_session", "name": "Can change session", "content_type": 5}}, {"pk": 15, "model": "auth.permission", "fields": {"codename": "delete_session", "name": "Can delete session", "content_type": 5}}, {"pk": 16, "model": "auth.permission", "fields": {"codename": "add_logentry", "name": "Can add log entry", "content_type": 6}}, {"pk": 17, "model": "auth.permission", "fields": {"codename": "change_logentry", "name": "Can change log entry", "content_type": 6}}, {"pk": 18, "model": "auth.permission", "fields": {"codename": "delete_logentry", "name": "Can delete log entry", "content_type": 6}}, {"pk": 19, "model": "auth.permission", "fields": {"codename": "add_hut", "name": "Can add hut", "content_type": 7}}, {"pk": 20, "model": "auth.permission", "fields": {"codename": "change_hut", "name": "Can change hut", "content_type": 7}}, {"pk": 21, "model": "auth.permission", "fields": {"codename": "delete_hut", "name": "Can delete hut", "content_type": 7}}, {"pk": 22, "model": "auth.permission", "fields": {"codename": "add_region", "name": "Can add region", "content_type": 8}}, {"pk": 23, "model": "auth.permission", "fields": {"codename": "change_region", "name": "Can change region", "content_type": 8}}, {"pk": 24, "model": "auth.permission", "fields": {"codename": "delete_region", "name": "Can delete region", "content_type": 8}}, {"pk": 25, "model": "auth.permission", "fields": {"codename": "add_agency", "name": "Can add agency", "content_type": 9}}, {"pk": 26, "model": "auth.permission", "fields": {"codename": "change_agency", "name": "Can change agency", "content_type": 9}}, {"pk": 27, "model": "auth.permission", "fields": {"codename": "delete_agency", "name": "Can delete agency", "content_type": 9}}]
