[{"pk": 14, "model": "contenttypes.contenttype", "fields": {"model": "agency", "name": "agency", "app_label": "huts"}}, {"pk": 10, "model": "contenttypes.contenttype", "fields": {"model": "choice", "name": "choice", "app_label": "polls"}}, {"pk": 5, "model": "contenttypes.contenttype", "fields": {"model": "contenttype", "name": "content type", "app_label": "contenttypes"}}, {"pk": 2, "model": "contenttypes.contenttype", "fields": {"model": "group", "name": "group", "app_label": "auth"}}, {"pk": 12, "model": "contenttypes.contenttype", "fields": {"model": "hut", "name": "hut", "app_label": "huts"}}, {"pk": 15, "model": "contenttypes.contenttype", "fields": {"model": "huttype", "name": "hut type", "app_label": "huts"}}, {"pk": 8, "model": "contenttypes.contenttype", "fields": {"model": "logentry", "name": "log entry", "app_label": "admin"}}, {"pk": 4, "model": "contenttypes.contenttype", "fields": {"model": "message", "name": "message", "app_label": "auth"}}, {"pk": 1, "model": "contenttypes.contenttype", "fields": {"model": "permission", "name": "permission", "app_label": "auth"}}, {"pk": 9, "model": "contenttypes.contenttype", "fields": {"model": "poll", "name": "poll", "app_label": "polls"}}, {"pk": 13, "model": "contenttypes.contenttype", "fields": {"model": "region", "name": "region", "app_label": "huts"}}, {"pk": 6, "model": "contenttypes.contenttype", "fields": {"model": "session", "name": "session", "app_label": "sessions"}}, {"pk": 7, "model": "contenttypes.contenttype", "fields": {"model": "site", "name": "site", "app_label": "sites"}}, {"pk": 3, "model": "contenttypes.contenttype", "fields": {"model": "user", "name": "user", "app_label": "auth"}}, {"pk": 11, "model": "contenttypes.contenttype", "fields": {"model": "worldborders", "name": "world borders", "app_label": "world"}}, {"pk": "0e6a82a32b36e20ad433e430e0cef2f1", "model": "sessions.session", "fields": {"expire_date": "2012-07-31 20:40:34", "session_data": "gAJ9cQEuZDAyZDdlNzMwMmFiMjI5ZmRmOThhNjZkY2Q2NTIwOGI=\n"}}, {"pk": 2, "model": "admin.logentry", "fields": {"action_flag": 3, "action_time": "2012-07-17 20:35:28", "object_repr": "yo?", "object_id": "1", "change_message": "", "user": 1, "content_type": 9}}, {"pk": 1, "model": "admin.logentry", "fields": {"action_flag": 1, "action_time": "2012-07-17 20:35:09", "object_repr": "yo?", "object_id": "1", "change_message": "", "user": 1, "content_type": 9}}, {"pk": 3, "model": "huts.hut", "fields": {"reservations": 1, "num_structures": 1, "references": "http://www.mtnclubak.org/index.cfm/Huts/MCA-Hut-System/27", "hut_url": "http://www.mtnclubak.org/index.cfm/Huts/MCA-Hut-System/27", "fee_person_min": 0.0, "altitude": 1828, "agency": 1, "fee_person_max": 0.0, "access": 2, "location": "POINT (-148.9604300000000023 61.1403999999999996)", "type": "Hut", "updated": "2012-07-18", "capacity_max": 10, "fee_hut_max": null, "location_accuracy": 3, "photo_url": "http://www.mtnclubak.org/layouts/layout_mca/files/gallery/images_main/11_mcak-95.jpg", "capacity_hut_min": 8, "name": "Han's Hut", "created": "2012-07-18", "region": 1, "fee_hut_min": null, "capacity_hut_max": 10}}, {"pk": 4, "model": "huts.hut", "fields": {"reservations": 1, "num_structures": 1, "references": "http://www.mtnclubak.org/index.cfm/Huts/MCA-Hut-System/28", "hut_url": "http://www.mtnclubak.org/index.cfm/Huts/MCA-Hut-System/28", "fee_person_min": 0.0, "altitude": 1188, "agency": 1, "fee_person_max": 0.0, "access": 2, "location": "POINT (-149.0175999999999874 61.0884599999999978)", "type": "Hut", "updated": "2012-07-18", "capacity_max": 10, "fee_hut_max": null, "location_accuracy": 3, "photo_url": "http://www.mtnclubak.org/layouts/layout_mca/files/gallery/images_main/10_mcak-91.jpg", "capacity_hut_min": 8, "name": "Rosie's Roost", "created": "2012-07-18", "region": 1, "fee_hut_min": null, "capacity_hut_max": 10}}, {"pk": 5, "model": "huts.hut", "fields": {"reservations": 1, "num_structures": 1, "references": "http://www.mtnclubak.org/index.cfm/Huts/MCA-Hut-System/29", "hut_url": "http://www.mtnclubak.org/index.cfm/Huts/MCA-Hut-System/29", "fee_person_min": 0.0, "altitude": 1325, "agency": 1, "fee_person_max": 0.0, "access": 2, "location": "POINT (-149.0797699999999963 61.8567699999999974)", "type": "Hut", "updated": "2012-07-18", "capacity_max": 8, "fee_hut_max": null, "location_accuracy": null, "photo_url": "http://www.mtnclubak.org/layouts/layout_mca/files/gallery/images_main/13_mcak-101.jpg", "capacity_hut_min": 8, "name": "Mint Hut", "created": "2012-07-18", "region": 2, "fee_hut_min": null, "capacity_hut_max": 8}}, {"pk": 6, "model": "huts.hut", "fields": {"reservations": 1, "num_structures": 1, "references": "http://www.mtnclubak.org/index.cfm/Huts/MCA-Hut-System/30", "hut_url": "http://www.mtnclubak.org/index.cfm/Huts/MCA-Hut-System/30", "fee_person_min": 0.0, "altitude": 1188, "agency": 1, "fee_person_max": 0.0, "access": 2, "location": "POINT (-149.1353699999999947 61.8792800000000014)", "type": "Hut", "updated": "2012-07-18", "capacity_max": 9, "fee_hut_max": null, "location_accuracy": null, "photo_url": "http://www.mtnclubak.org/layouts/layout_mca/files/gallery/images_main/14_mcak-118.jpg", "capacity_hut_min": 7, "name": "Bomber Hut", "created": "2012-07-18", "region": 2, "fee_hut_min": null, "capacity_hut_max": 9}}, {"pk": 7, "model": "huts.hut", "fields": {"reservations": 1, "num_structures": 1, "references": "http://www.mtnclubak.org/index.cfm/Huts/MCA-Hut-System/31", "hut_url": "http://www.mtnclubak.org/index.cfm/Huts/MCA-Hut-System/31", "fee_person_min": 0.0, "altitude": 1264, "agency": 1, "fee_person_max": 0.0, "access": 2, "location": "POINT (-148.9511300000000062 61.8637000000000015)", "type": "Hut", "updated": "2012-07-18", "capacity_max": 8, "fee_hut_max": null, "location_accuracy": null, "photo_url": "http://www.mtnclubak.org/layouts/layout_mca/files/gallery/images_main/15_mcak-122.jpg", "capacity_hut_min": 6, "name": "Dnigi Hut", "created": "2012-07-18", "region": 2, "fee_hut_min": null, "capacity_hut_max": 8}}, {"pk": 8, "model": "huts.hut", "fields": {"reservations": 1, "num_structures": 1, "references": "http://www.mtnclubak.org/index.cfm/Huts/MCA-Hut-System/32", "hut_url": "http://www.mtnclubak.org/index.cfm/Huts/MCA-Hut-System/32", "fee_person_min": 0.0, "altitude": 1569, "agency": 1, "fee_person_max": 0.0, "access": 2, "location": "POINT (-147.4749999999999943 61.5916700000000006)", "type": "Hut", "updated": "2012-07-18", "capacity_max": 10, "fee_hut_max": null, "location_accuracy": null, "photo_url": "http://www.mtnclubak.org/layouts/layout_mca/files/gallery/images_main/16_mcak-128.jpg", "capacity_hut_min": 10, "name": "Scandinavian Peaks Hut  & Airstrip", "created": "2012-07-18", "region": 1, "fee_hut_min": null, "capacity_hut_max": 10}}, {"pk": 9, "model": "huts.hut", "fields": {"reservations": 1, "num_structures": 1, "references": "http://www.fs.usda.gov/recarea/chugach/recreation/camping-cabins/recarea/?recid=4835&actid=101, http://www.recreation.gov/unifSearchInterface.do?interface=camping&contractCode=NRSO&parkId=71810", "hut_url": "http://www.fs.usda.gov/recarea/chugach/recreation/camping-cabins/recarea/?recid=4835&actid=101", "fee_person_min": null, "altitude": 1066, "agency": 2, "fee_person_max": null, "access": 2, "location": "POINT (-149.1169399999999996 61.0555599999999998)", "type": "Hut", "updated": "2012-07-18", "capacity_max": 6, "fee_hut_max": 25.0, "location_accuracy": null, "photo_url": "http://www.recreation.gov/webphotos/NRSO/pid71810/0/540x360.jpg", "capacity_hut_min": 6, "name": "Crow Pass Cabin", "created": "2012-07-18", "region": 1, "fee_hut_min": 25.0, "capacity_hut_max": 6}}, {"pk": 10, "model": "huts.hut", "fields": {"reservations": 1, "num_structures": 1, "references": "http://www.fs.fed.us/r10/tongass/cabins/juneau/denver_caboose.shtml, http://www.recreation.gov/unifSearchInterface.do?interface=camping&contractCode=NRSO&parkId=71764", "hut_url": "http://www.fs.fed.us/r10/tongass/cabins/juneau/denver_caboose.shtml", "fee_person_min": null, "altitude": null, "agency": 3, "fee_person_max": null, "access": 2, "location": "POINT (-135.2263900000000092 59.5013900000000007)", "type": "Caboose", "updated": "2012-07-18", "capacity_max": 6, "fee_hut_max": 35.0, "location_accuracy": null, "photo_url": "http://www.fs.fed.us/r10/tongass/recreation/rec_facilities/cabin_images/caboosecbn.jpg", "capacity_hut_min": 6, "name": "Denver Caboose", "created": "2012-07-18", "region": 3, "fee_hut_min": 35.0, "capacity_hut_max": 6}}, {"pk": 11, "model": "huts.hut", "fields": {"reservations": 1, "num_structures": 2, "references": "http://www.nps.gov/ever/planyourvisit/upload/Wilderness_Trip_Planner_2011.pdf", "hut_url": "http://www.nps.gov/ever/planyourvisit/upload/Wilderness_Trip_Planner_2011.pdf", "fee_person_min": 2.0, "altitude": 0, "agency": 4, "fee_person_max": 2.0, "access": 2, "location": "POINT (-81.2987799999999936 25.7964300000000009)", "type": "Chickee", "updated": "2012-07-18", "capacity_max": 12, "fee_hut_max": null, "location_accuracy": null, "photo_url": "", "capacity_hut_min": 6, "name": "Crooked Creek Chickee", "created": "2012-07-18", "region": 4, "fee_hut_min": null, "capacity_hut_max": 6}}, {"pk": 12, "model": "huts.hut", "fields": {"reservations": 1, "num_structures": 2, "references": "http://www.nps.gov/ever/planyourvisit/upload/Wilderness_Trip_Planner_2011.pdf", "hut_url": "http://www.nps.gov/ever/planyourvisit/upload/Wilderness_Trip_Planner_2011.pdf", "fee_person_min": 2.0, "altitude": 0, "agency": 4, "fee_person_max": 2.0, "access": 2, "location": "POINT (-81.0910200000000003 25.4325800000000015)", "type": "Chickee", "updated": "2012-07-18", "capacity_max": 12, "fee_hut_max": null, "location_accuracy": 3, "photo_url": "", "capacity_hut_min": 6, "name": "Harney River Chickee", "created": "2012-07-18", "region": 4, "fee_hut_min": null, "capacity_hut_max": 6}}, {"pk": 13, "model": "huts.hut", "fields": {"reservations": 1, "num_structures": 2, "references": "http://www.nps.gov/ever/planyourvisit/upload/Wilderness_Trip_Planner_2011.pdf", "hut_url": "http://www.nps.gov/ever/planyourvisit/upload/Wilderness_Trip_Planner_2011.pdf", "fee_person_min": 2.0, "altitude": 0, "agency": 4, "fee_person_max": 2.0, "access": 2, "location": "POINT (-80.8786499999999933 25.2533799999999999)", "type": "Chickee", "updated": "2012-07-18", "capacity_max": 12, "fee_hut_max": null, "location_accuracy": 3, "photo_url": "", "capacity_hut_min": 6, "name": "Hell's Bay Chickee", "created": "2012-07-18", "region": 4, "fee_hut_min": null, "capacity_hut_max": 6}}, {"pk": 14, "model": "huts.hut", "fields": {"reservations": 1, "num_structures": 2, "references": "http://www.nps.gov/ever/planyourvisit/upload/Wilderness_Trip_Planner_2011.pdf", "hut_url": "http://www.nps.gov/ever/planyourvisit/upload/Wilderness_Trip_Planner_2011.pdf", "fee_person_min": 2.0, "altitude": 0, "agency": 4, "fee_person_max": 2.0, "access": 2, "location": "POINT (-81.0656500000000051 25.2797699999999992)", "type": "Chickee", "updated": "2012-07-18", "capacity_max": 12, "fee_hut_max": null, "location_accuracy": 3, "photo_url": "", "capacity_hut_min": 6, "name": "Joe River Chickee", "created": "2012-07-18", "region": 4, "fee_hut_min": null, "capacity_hut_max": 6}}, {"pk": 15, "model": "huts.hut", "fields": {"reservations": 1, "num_structures": 2, "references": "http://www.nps.gov/ever/planyourvisit/upload/Wilderness_Trip_Planner_2011.pdf", "hut_url": "http://www.nps.gov/ever/planyourvisit/upload/Wilderness_Trip_Planner_2011.pdf", "fee_person_min": 2.0, "altitude": 0, "agency": 4, "fee_person_max": 2.0, "access": 2, "location": "POINT (-80.9074300000000051 25.0512200000000007)", "type": "Chickee", "updated": "2012-07-18", "capacity_max": 12, "fee_hut_max": null, "location_accuracy": 3, "photo_url": "", "capacity_hut_min": 6, "name": "Johnson Key Chickee", "created": "2012-07-18", "region": 4, "fee_hut_min": null, "capacity_hut_max": 6}}, {"pk": 16, "model": "huts.hut", "fields": {"reservations": 1, "num_structures": 1, "references": "http://www.nps.gov/ever/planyourvisit/upload/Wilderness_Trip_Planner_2011.pdf", "hut_url": "http://www.nps.gov/ever/planyourvisit/upload/Wilderness_Trip_Planner_2011.pdf", "fee_person_min": 2.0, "altitude": 0, "agency": 4, "fee_person_max": 2.0, "access": 2, "location": "POINT (-80.8920300000000054 25.2832299999999996)", "type": "Chickee", "updated": "2012-07-18", "capacity_max": 6, "fee_hut_max": null, "location_accuracy": 3, "photo_url": "", "capacity_hut_min": 6, "name": "Lane Bay Chickee", "created": "2012-07-18", "region": 4, "fee_hut_min": null, "capacity_hut_max": 6}}, {"pk": 17, "model": "huts.hut", "fields": {"reservations": 1, "num_structures": 1, "references": "http://www.nps.gov/ever/planyourvisit/upload/Wilderness_Trip_Planner_2011.pdf", "hut_url": "http://www.nps.gov/ever/planyourvisit/upload/Wilderness_Trip_Planner_2011.pdf", "fee_person_min": 2.0, "altitude": 0, "agency": 4, "fee_person_max": 2.0, "access": 2, "location": "POINT (-80.9372800000000012 25.3317799999999984)", "type": "Chickee", "updated": "2012-07-18", "capacity_max": 6, "fee_hut_max": null, "location_accuracy": 3, "photo_url": "", "capacity_hut_min": 6, "name": "North River Chickee", "created": "2012-07-18", "region": 4, "fee_hut_min": null, "capacity_hut_max": 6}}, {"pk": 18, "model": "huts.hut", "fields": {"reservations": 1, "num_structures": 2, "references": "http://www.nps.gov/ever/planyourvisit/upload/Wilderness_Trip_Planner_2011.pdf", "hut_url": "http://www.nps.gov/ever/planyourvisit/upload/Wilderness_Trip_Planner_2011.pdf", "fee_person_min": 2.0, "altitude": 0, "agency": 4, "fee_person_max": 2.0, "access": 2, "location": "POINT (-81.0663299999999936 25.3234500000000011)", "type": "Chickee", "updated": "2012-07-18", "capacity_max": 12, "fee_hut_max": null, "location_accuracy": 3, "photo_url": "", "capacity_hut_min": 6, "name": "Oyster Bay Chickee", "created": "2012-07-18", "region": 4, "fee_hut_min": null, "capacity_hut_max": 6}}, {"pk": 19, "model": "huts.hut", "fields": {"reservations": 1, "num_structures": 2, "references": "http://www.nps.gov/ever/planyourvisit/upload/Wilderness_Trip_Planner_2011.pdf", "hut_url": "http://www.nps.gov/ever/planyourvisit/upload/Wilderness_Trip_Planner_2011.pdf", "fee_person_min": 2.0, "altitude": 0, "agency": 4, "fee_person_max": 2.0, "access": 2, "location": "POINT (-80.8562500000000028 25.2594799999999999)", "type": "Chickee", "updated": "2012-07-18", "capacity_max": 12, "fee_hut_max": null, "location_accuracy": 3, "photo_url": "", "capacity_hut_min": 6, "name": "Pearl Bay Chickee", "created": "2012-07-18", "region": 4, "fee_hut_min": null, "capacity_hut_max": 6}}, {"pk": 20, "model": "huts.hut", "fields": {"reservations": 1, "num_structures": 1, "references": "http://www.nps.gov/ever/planyourvisit/upload/Wilderness_Trip_Planner_2011.pdf", "hut_url": "http://www.nps.gov/ever/planyourvisit/upload/Wilderness_Trip_Planner_2011.pdf", "fee_person_min": 2.0, "altitude": 0, "agency": 4, "fee_person_max": 2.0, "access": 2, "location": "POINT (-81.1490000000000009 25.6409799999999990)", "type": "Chickee", "updated": "2012-07-18", "capacity_max": 6, "fee_hut_max": null, "location_accuracy": 3, "photo_url": "", "capacity_hut_min": 6, "name": "Plate Creek Chickee", "created": "2012-07-18", "region": 4, "fee_hut_min": null, "capacity_hut_max": 6}}, {"pk": 21, "model": "huts.hut", "fields": {"reservations": 1, "num_structures": 2, "references": "http://www.nps.gov/ever/planyourvisit/upload/Wilderness_Trip_Planner_2011.pdf", "hut_url": "http://www.nps.gov/ever/planyourvisit/upload/Wilderness_Trip_Planner_2011.pdf", "fee_person_min": 2.0, "altitude": 0, "agency": 4, "fee_person_max": 2.0, "access": 2, "location": "POINT (-80.9081800000000015 25.3161500000000004)", "type": "Chickee", "updated": "2012-07-18", "capacity_max": 12, "fee_hut_max": null, "location_accuracy": 3, "photo_url": "", "capacity_hut_min": 6, "name": "Roberts River Chickee", "created": "2012-07-18", "region": 4, "fee_hut_min": null, "capacity_hut_max": 6}}, {"pk": 22, "model": "huts.hut", "fields": {"reservations": 1, "num_structures": 2, "references": "http://www.nps.gov/ever/planyourvisit/upload/Wilderness_Trip_Planner_2011.pdf", "hut_url": "http://www.nps.gov/ever/planyourvisit/upload/Wilderness_Trip_Planner_2011.pdf", "fee_person_min": 2.0, "altitude": 0, "agency": 4, "fee_person_max": 2.0, "access": 2, "location": "POINT (-81.0639699999999976 25.5367700000000006)", "type": "Chickee", "updated": "2012-07-18", "capacity_max": 12, "fee_hut_max": null, "location_accuracy": 3, "photo_url": "", "capacity_hut_min": 6, "name": "Rodgers River Chickee", "created": "2012-07-18", "region": 4, "fee_hut_min": null, "capacity_hut_max": 6}}, {"pk": 23, "model": "huts.hut", "fields": {"reservations": 1, "num_structures": 2, "references": "http://www.nps.gov/ever/planyourvisit/upload/Wilderness_Trip_Planner_2011.pdf", "hut_url": "http://www.nps.gov/ever/planyourvisit/upload/Wilderness_Trip_Planner_2011.pdf", "fee_person_min": 2.0, "altitude": 0, "agency": 4, "fee_person_max": 2.0, "access": 2, "location": "POINT (-80.8024400000000043 25.1411300000000004)", "type": "Chickee", "updated": "2012-07-18", "capacity_max": 12, "fee_hut_max": null, "location_accuracy": 3, "photo_url": "", "capacity_hut_min": 6, "name": "Shark Point Chickee", "created": "2012-07-18", "region": 4, "fee_hut_min": null, "capacity_hut_max": 6}}, {"pk": 24, "model": "huts.hut", "fields": {"reservations": 1, "num_structures": 1, "references": "http://www.nps.gov/ever/planyourvisit/upload/Wilderness_Trip_Planner_2011.pdf", "hut_url": "http://www.nps.gov/ever/planyourvisit/upload/Wilderness_Trip_Planner_2011.pdf", "fee_person_min": 2.0, "altitude": 0, "agency": 4, "fee_person_max": 2.0, "access": 2, "location": "POINT (-81.0451000000000050 25.3687000000000005)", "type": "Chickee", "updated": "2012-07-18", "capacity_max": 6, "fee_hut_max": null, "location_accuracy": 3, "photo_url": "", "capacity_hut_min": 6, "name": "Shark River Chickee", "created": "2012-07-18", "region": 4, "fee_hut_min": null, "capacity_hut_max": 6}}, {"pk": 25, "model": "huts.hut", "fields": {"reservations": 1, "num_structures": 2, "references": "http://www.nps.gov/ever/planyourvisit/upload/Wilderness_Trip_Planner_2011.pdf", "hut_url": "http://www.nps.gov/ever/planyourvisit/upload/Wilderness_Trip_Planner_2011.pdf", "fee_person_min": 2.0, "altitude": 0, "agency": 4, "fee_person_max": 2.0, "access": 2, "location": "POINT (-81.0188700000000068 25.2207499999999989)", "type": "Chickee", "updated": "2012-07-18", "capacity_max": 12, "fee_hut_max": null, "location_accuracy": 3, "photo_url": "", "capacity_hut_min": 6, "name": "South Joe River Chickee", "created": "2012-07-18", "region": 4, "fee_hut_min": null, "capacity_hut_max": 6}}, {"pk": 26, "model": "huts.hut", "fields": {"reservations": 1, "num_structures": 2, "references": "http://www.nps.gov/ever/planyourvisit/upload/Wilderness_Trip_Planner_2011.pdf", "hut_url": "http://www.nps.gov/ever/planyourvisit/upload/Wilderness_Trip_Planner_2011.pdf", "fee_person_min": 2.0, "altitude": 0, "agency": 4, "fee_person_max": 2.0, "access": 2, "location": "POINT (-81.2119799999999969 25.7445200000000014)", "type": "Chickee", "updated": "2012-07-18", "capacity_max": 12, "fee_hut_max": null, "location_accuracy": 3, "photo_url": "", "capacity_hut_min": 6, "name": "Sweetwater Chickee", "created": "2012-07-18", "region": 4, "fee_hut_min": null, "capacity_hut_max": 6}}, {"pk": 27, "model": "huts.hut", "fields": {"reservations": 1, "num_structures": 1, "references": "http://www.nps.gov/ever/planyourvisit/upload/Wilderness_Trip_Planner_2011.pdf", "hut_url": "http://www.nps.gov/ever/planyourvisit/upload/Wilderness_Trip_Planner_2011.pdf", "fee_person_min": 2.0, "altitude": 0, "agency": 4, "fee_person_max": 2.0, "access": 2, "location": "POINT (-80.9806499999999971 25.3325800000000001)", "type": "Chickee", "updated": "2012-07-18", "capacity_max": 6, "fee_hut_max": null, "location_accuracy": 3, "photo_url": "", "capacity_hut_min": 6, "name": "Watson River Chickee", "created": "2012-07-18", "region": 4, "fee_hut_min": null, "capacity_hut_max": 6}}, {"pk": 28, "model": "huts.hut", "fields": {"reservations": 1, "num_structures": 1, "references": "http://www.nps.gov/hale/planyourvisit/wilderness-cabins.htm", "hut_url": "http://www.nps.gov/hale/planyourvisit/wilderness-cabins.htm", "fee_person_min": null, "altitude": 2115, "agency": 5, "fee_person_max": null, "access": 2, "location": "POINT (-156.2180899999999895 20.7416699999999992)", "type": "Hut", "updated": "2012-07-18", "capacity_max": 12, "fee_hut_max": 75.0, "location_accuracy": 3, "photo_url": "", "capacity_hut_min": 12, "name": "Holua Cabin", "created": "2012-07-18", "region": 5, "fee_hut_min": 60.0, "capacity_hut_max": 12}}, {"pk": 29, "model": "huts.hut", "fields": {"reservations": 1, "num_structures": 1, "references": "http://www.nps.gov/hale/planyourvisit/wilderness-cabins.htm", "hut_url": "http://www.nps.gov/hale/planyourvisit/wilderness-cabins.htm", "fee_person_min": null, "altitude": 2209, "agency": 5, "fee_person_max": null, "access": 2, "location": "POINT (-156.1840699999999913 20.7065200000000011)", "type": "Hut", "updated": "2012-07-18", "capacity_max": 12, "fee_hut_max": 75.0, "location_accuracy": 3, "photo_url": "", "capacity_hut_min": 12, "name": "Kapalaoa Cabin", "created": "2012-07-18", "region": 5, "fee_hut_min": 60.0, "capacity_hut_max": 12}}, {"pk": 30, "model": "huts.hut", "fields": {"reservations": 1, "num_structures": 1, "references": "http://www.nps.gov/hale/planyourvisit/wilderness-cabins.htm", "hut_url": "http://www.nps.gov/hale/planyourvisit/wilderness-cabins.htm", "fee_person_min": null, "altitude": 1944, "agency": 5, "fee_person_max": null, "access": 2, "location": "POINT (-156.1411200000000008 20.7180999999999997)", "type": "Hut", "updated": "2012-07-18", "capacity_max": 12, "fee_hut_max": 75.0, "location_accuracy": 3, "photo_url": "", "capacity_hut_min": 12, "name": "Paliku Cabin", "created": "2012-07-18", "region": 5, "fee_hut_min": 60.0, "capacity_hut_max": 12}}, {"pk": 31, "model": "huts.hut", "fields": {"reservations": 1, "num_structures": 1, "references": "http://www.nps.gov/havo/planyourvisit/upload/backcountry_planner_0410.pdf", "hut_url": "http://www.nps.gov/havo/planyourvisit/upload/backcountry_planner_0410.pdf", "fee_person_min": 0.0, "altitude": 3058, "agency": 6, "fee_person_max": 0.0, "access": 2, "location": "POINT (-155.4644199999999898 19.5302499999999988)", "type": "Hut", "updated": "2012-07-18", "capacity_max": 8, "fee_hut_max": null, "location_accuracy": 3, "photo_url": "", "capacity_hut_min": 8, "name": "Pu'u 'Ula'ula (Red Hill) Cabin", "created": "2012-07-18", "region": 6, "fee_hut_min": null, "capacity_hut_max": 8}}, {"pk": 32, "model": "huts.hut", "fields": {"reservations": 1, "num_structures": 1, "references": "http://www.nps.gov/havo/planyourvisit/upload/backcountry_planner_0410.pdf", "hut_url": "http://www.nps.gov/havo/planyourvisit/upload/backcountry_planner_0410.pdf", "fee_person_min": 0.0, "altitude": 512, "agency": 6, "fee_person_max": 0.0, "access": 2, "location": "POINT (-155.3587799999999959 19.2649000000000008)", "type": "Hut", "updated": "2012-07-18", "capacity_max": 3, "fee_hut_max": null, "location_accuracy": 3, "photo_url": "", "capacity_hut_min": 3, "name": "Pepeiao Cabin", "created": "2012-07-18", "region": 6, "fee_hut_min": null, "capacity_hut_max": 3}}, {"pk": 33, "model": "huts.hut", "fields": {"reservations": 1, "num_structures": 1, "references": "http://www.nps.gov/havo/planyourvisit/upload/backcountry_planner_0410.pdf", "hut_url": "http://www.nps.gov/havo/planyourvisit/upload/backcountry_planner_0410.pdf", "fee_person_min": 0.0, "altitude": 4038, "agency": 6, "fee_person_max": 0.0, "access": 2, "location": "POINT (-155.5816100000000120 19.4664499999999983)", "type": "Hut", "updated": "2012-07-18", "capacity_max": 12, "fee_hut_max": null, "location_accuracy": 3, "photo_url": "", "capacity_hut_min": 12, "name": " Mauna Loa Cabin ", "created": "2012-07-18", "region": 6, "fee_hut_min": null, "capacity_hut_max": 12}}, {"pk": 34, "model": "huts.hut", "fields": {"reservations": 1, "num_structures": 1, "references": "http://www.fs.usda.gov/recarea/mbs/recreation/recarea/?recid=18042, http://www.recreation.gov/camping/Evergreen_Mountain_Lookout/r/campgroundFees.do?contractCode=NRSO&parkId=75017", "hut_url": "http://www.fs.usda.gov/recarea/mbs/recreation/recarea/?recid=18042", "fee_person_min": null, "altitude": 1702, "agency": 7, "fee_person_max": null, "access": 2, "location": "POINT (-121.2634800000000013 47.8367199999999997)", "type": "Fire Lookout", "updated": "2012-07-18", "capacity_max": 4, "fee_hut_max": 40.0, "location_accuracy": null, "photo_url": "http://www.fs.usda.gov/Internet/FSE_MEDIA/stelprdb5152024.jpg", "capacity_hut_min": 4, "name": "Evergreen Lookout", "created": "2012-07-18", "region": 7, "fee_hut_min": 40.0, "capacity_hut_max": 4}}, {"pk": 35, "model": "huts.hut", "fields": {"reservations": 1, "num_structures": 1, "references": "http://www.parks.wa.gov/yurtsandcabins/quartzmountain/, http://www.firelookout.com/wa/quartzmtn.html", "hut_url": "http://www.parks.wa.gov/yurtsandcabins/quartzmountain/", "fee_person_min": null, "altitude": 1563, "agency": 8, "fee_person_max": null, "access": 2, "location": "POINT (-117.0822600000000051 47.8851900000000015)", "type": "Fire Lookout", "updated": "2012-07-18", "capacity_max": 4, "fee_hut_max": 88.0, "location_accuracy": 3, "photo_url": "http://www.parks.wa.gov/yurtsandcabins/quartzmountain/yurtcabin_QUAR1.jpg", "capacity_hut_min": 4, "name": "Quartz Mountain Lookout", "created": "2012-07-18", "region": 8, "fee_hut_min": 77.0, "capacity_hut_max": 4}}, {"pk": 36, "model": "huts.hut", "fields": {"reservations": 1, "num_structures": 1, "references": "http://www.fs.usda.gov/recarea/mbs/recreation/recarea/?recid=17850", "hut_url": "http://www.fs.usda.gov/recarea/mbs/recreation/recarea/?recid=17850", "fee_person_min": 0.0, "altitude": 2087, "agency": 7, "fee_person_max": 0.0, "access": 2, "location": "POINT (-121.6880100000000056 48.1697500000000005)", "type": "Fire Lookout", "updated": "2012-07-18", "capacity_max": 2, "fee_hut_max": null, "location_accuracy": 3, "photo_url": "http://www.fs.usda.gov/Internet/FSE_MEDIA/stelprdb5152020.jpg", "capacity_hut_min": 2, "name": "Three Fingers Lookout", "created": "2012-07-18", "region": 7, "fee_hut_min": null, "capacity_hut_max": 2}}, {"pk": 37, "model": "huts.hut", "fields": {"reservations": 1, "num_structures": 1, "references": "http://www.fs.usda.gov/recarea/mbs/recreation/recarea/?recid=17672", "hut_url": "http://www.fs.usda.gov/recarea/mbs/recreation/recarea/?recid=17672", "fee_person_min": 0.0, "altitude": 2087, "agency": 7, "fee_person_max": 0.0, "access": 2, "location": "POINT (-121.2049300000000045 48.4956099999999992)", "type": "Fire Lookout", "updated": "2012-07-18", "capacity_max": 4, "fee_hut_max": null, "location_accuracy": 4, "photo_url": "http://www.fs.usda.gov/Internet/FSE_MEDIA/stelprdb5136895.jpg", "capacity_hut_min": 2, "name": "Hidden Lake Lookout", "created": "2012-07-18", "region": 7, "fee_hut_min": null, "capacity_hut_max": 4}}, {"pk": 38, "model": "huts.hut", "fields": {"reservations": 1, "num_structures": 1, "references": "http://www.fs.usda.gov/recarea/mbs/recreation/recarea/?recid=17852, http://www.parks.wa.gov/parks/?selectedpark=Mount%20Pilchuck&subject=all", "hut_url": "http://www.fs.usda.gov/recarea/mbs/recreation/recarea/?recid=17852", "fee_person_min": 0.0, "altitude": 1622, "agency": 7, "fee_person_max": 0.0, "access": 2, "location": "POINT (-121.7968299999999999 48.0581400000000016)", "type": "Fire Lookout", "updated": "2012-07-18", "capacity_max": 2, "fee_hut_max": null, "location_accuracy": null, "photo_url": "http://www.fs.usda.gov/Internet/FSE_MEDIA/stelprdb5152021.jpg", "capacity_hut_min": 2, "name": "Mount Pilchuck Lookout", "created": "2012-07-18", "region": 7, "fee_hut_min": null, "capacity_hut_max": 2}}, {"pk": 39, "model": "huts.hut", "fields": {"reservations": 1, "num_structures": 1, "references": "http://www.fs.usda.gov/recarea/mbs/recreation/recarea/?recid=17674, http://www.summitpost.org/lookout-mountain/533949", "hut_url": "http://www.fs.usda.gov/recarea/mbs/recreation/recarea/?recid=17674", "fee_person_min": 0.0, "altitude": 1737, "agency": 7, "fee_person_max": 0.0, "access": 2, "location": "POINT (-121.3293699999999973 48.5522100000000023)", "type": "Fire Lookout", "updated": "2012-07-18", "capacity_max": 2, "fee_hut_max": null, "location_accuracy": null, "photo_url": "http://www.fs.usda.gov/Internet/FSE_MEDIA/stelprdb5136896.jpg", "capacity_hut_min": 2, "name": "Lookout Mountain Lookout", "created": "2012-07-18", "region": 7, "fee_hut_min": null, "capacity_hut_max": 2}}, {"pk": 40, "model": "huts.hut", "fields": {"reservations": 1, "num_structures": 1, "references": "http://www.fs.usda.gov/recarea/mbs/recreation/recarea/?recid=17586, http://www.mountbakerclub.org/winchesterHike.htm", "hut_url": "http://www.fs.usda.gov/recarea/mbs/recreation/recarea/?recid=17586", "fee_person_min": 0.0, "altitude": 1987, "agency": 7, "fee_person_max": 0.0, "access": 2, "location": "POINT (-121.6429799999999943 48.9565600000000032)", "type": "Fire Lookout", "updated": "2012-07-18", "capacity_max": 2, "fee_hut_max": null, "location_accuracy": null, "photo_url": "http://www.fs.usda.gov/Internet/FSE_MEDIA/stelprdb5137416.jpg", "capacity_hut_min": 2, "name": "Winchester Mountain Lookout", "created": "2012-07-18", "region": 7, "fee_hut_min": null, "capacity_hut_max": 2}}, {"pk": 41, "model": "huts.hut", "fields": {"reservations": 1, "num_structures": 1, "references": "http://www.fs.usda.gov/recarea/mbs/recreation/recarea/?recid=17644", "hut_url": "http://www.fs.usda.gov/recarea/mbs/recreation/recarea/?recid=17644", "fee_person_min": 0.0, "altitude": 1645, "agency": 7, "fee_person_max": 0.0, "access": 2, "location": "POINT (-121.8564499999999953 48.7164100000000033)", "type": "Fire Lookout", "updated": "2012-07-18", "capacity_max": 2, "fee_hut_max": null, "location_accuracy": 3, "photo_url": "http://www.fs.usda.gov/Internet/FSE_MEDIA/stelprdb5136899.jpg", "capacity_hut_min": 2, "name": "Park Butte Loookout", "created": "2012-07-18", "region": 7, "fee_hut_min": null, "capacity_hut_max": 2}}, {"pk": 42, "model": "huts.hut", "fields": {"reservations": 1, "num_structures": 1, "references": "http://www.alpineclubofcanada.ca/facility/abbot.html", "hut_url": "http://www.alpineclubofcanada.ca/facility/abbot.html", "fee_person_min": 25.0, "altitude": 2925, "agency": 9, "fee_person_max": 36.0, "access": 2, "location": "POINT (-116.2866999999999962 51.3650000000000020)", "type": "Hut", "updated": "2012-07-18", "capacity_max": 24, "fee_hut_max": null, "location_accuracy": null, "photo_url": "http://www.alpineclubofcanada.ca/images/facility/abbothutevening1.jpg", "capacity_hut_min": 24, "name": "Abbot Pass Hut", "created": "2012-07-18", "region": 9, "fee_hut_min": null, "capacity_hut_max": 24}}, {"pk": 43, "model": "huts.hut", "fields": {"reservations": 1, "num_structures": 1, "references": "http://www.alpineclubofcanada.ca/facility/ep.html", "hut_url": "http://www.alpineclubofcanada.ca/facility/ep.html", "fee_person_min": 25.0, "altitude": 2048, "agency": 9, "fee_person_max": 41.0, "access": 2, "location": "POINT (-116.3442299999999960 51.3554400000000015)", "type": "Hut", "updated": "2012-07-18", "capacity_max": 24, "fee_hut_max": null, "location_accuracy": 3, "photo_url": "http://www.alpineclubofcanada.ca/images/facility/Elizabeth-Parker-Hut.jpg", "capacity_hut_min": 20, "name": "Elizabeth Parker Hut", "created": "2012-07-18", "region": 10, "fee_hut_min": null, "capacity_hut_max": 24}}, {"pk": 44, "model": "huts.hut", "fields": {"reservations": 1, "num_structures": 1, "references": "http://www.alpineclubofcanada.ca/facility/colgan.html", "hut_url": "http://www.alpineclubofcanada.ca/facility/colgan.html", "fee_person_min": 25.0, "altitude": 2924, "agency": 9, "fee_person_max": 36.0, "access": 2, "location": "POINT (-116.1867000000000019 51.2950000000000017)", "type": "Hut", "updated": "2012-07-18", "capacity_max": 18, "fee_hut_max": null, "location_accuracy": null, "photo_url": "http://www.alpineclubofcanada.ca/images/facility/colgan_1.jpg", "capacity_hut_min": 16, "name": "Neil Colgan Hut", "created": "2012-07-18", "region": 10, "fee_hut_min": null, "capacity_hut_max": 18}}, {"pk": 45, "model": "huts.hut", "fields": {"reservations": 1, "num_structures": 1, "references": "http://www.alpineclubofcanada.ca/facility/stanley.html", "hut_url": "http://www.alpineclubofcanada.ca/facility/stanley.html", "fee_person_min": 25.0, "altitude": 2052, "agency": 9, "fee_person_max": 36.0, "access": 2, "location": "POINT (-116.5642399999999981 51.5256899999999973)", "type": "Hut", "updated": "2012-07-18", "capacity_max": 26, "fee_hut_max": null, "location_accuracy": 3, "photo_url": "http://www.alpineclubofcanada.ca/images/facility/stanleymitchell.jpg", "capacity_hut_min": 22, "name": "Stanley Mitchell Hut", "created": "2012-07-18", "region": 10, "fee_hut_min": null, "capacity_hut_max": 26}}, {"pk": 46, "model": "huts.hut", "fields": {"reservations": 1, "num_structures": 1, "references": "http://www.alpineclubofcanada.ca/facility/scott.html", "hut_url": "http://www.alpineclubofcanada.ca/facility/scott.html", "fee_person_min": 25.0, "altitude": 2704, "agency": 9, "fee_person_max": 36.0, "access": 2, "location": "POINT (-116.4017000000000053 51.5283000000000015)", "type": "Hut", "updated": "2012-07-18", "capacity_max": 12, "fee_hut_max": null, "location_accuracy": null, "photo_url": "http://www.alpineclubofcanada.ca/images/facility/scott_1.jpg", "capacity_hut_min": 12, "name": "Scott Duncan Hut", "created": "2012-07-18", "region": 10, "fee_hut_min": null, "capacity_hut_max": 12}}, {"pk": 47, "model": "huts.hut", "fields": {"reservations": 1, "num_structures": 1, "references": "http://www.alpineclubofcanada.ca/facility/bow.html", "hut_url": "http://www.alpineclubofcanada.ca/facility/bow.html", "fee_person_min": 25.0, "altitude": 2392, "agency": 9, "fee_person_max": 36.0, "access": 2, "location": "POINT (-116.4897600000000040 51.6345799999999997)", "type": "Hut", "updated": "2012-07-18", "capacity_max": 30, "fee_hut_max": null, "location_accuracy": 3, "photo_url": "http://www.alpineclubofcanada.ca/images/facility/bow_2.jpg", "capacity_hut_min": 30, "name": "Bow Hut", "created": "2012-07-18", "region": 9, "fee_hut_min": null, "capacity_hut_max": 30}}, {"pk": 48, "model": "huts.hut", "fields": {"reservations": 1, "num_structures": 1, "references": "http://www.alpineclubofcanada.ca/facility/peyto.html", "hut_url": "http://www.alpineclubofcanada.ca/facility/peyto.html", "fee_person_min": 25.0, "altitude": 2471, "agency": 9, "fee_person_max": 36.0, "access": 2, "location": "POINT (-116.5450000000000017 51.6632999999999996)", "type": "Hut", "updated": "2012-07-18", "capacity_max": 18, "fee_hut_max": null, "location_accuracy": null, "photo_url": "http://www.alpineclubofcanada.ca/images/facility/peyto_1.jpg", "capacity_hut_min": 16, "name": "Peter and Catharine Whyte (Peyto) Hut", "created": "2012-07-18", "region": 9, "fee_hut_min": null, "capacity_hut_max": 18}}, {"pk": 49, "model": "huts.hut", "fields": {"reservations": 1, "num_structures": 1, "references": "http://www.alpineclubofcanada.ca/facility/balfour.html", "hut_url": "http://www.alpineclubofcanada.ca/facility/balfour.html", "fee_person_min": 25.0, "altitude": 2470, "agency": 9, "fee_person_max": 36.0, "access": 2, "location": "POINT (-116.4549999999999983 51.5917000000000030)", "type": "Hut", "updated": "2012-07-18", "capacity_max": 18, "fee_hut_max": null, "location_accuracy": null, "photo_url": "http://www.alpineclubofcanada.ca/images/facility/balfour_1.jpg", "capacity_hut_min": 16, "name": "R.J. Ritchie (Balfour) Hut", "created": "2012-07-18", "region": 9, "fee_hut_min": null, "capacity_hut_max": 18}}, {"pk": 50, "model": "huts.hut", "fields": {"reservations": 1, "num_structures": 1, "references": "http://bcmc.ca/equipment.asp, http://www.ubc-voc.com/wiki/Mountain_Lake_Hut, http://bivouac.com/FtrPg.asp?FtrId=107", "hut_url": "http://bcmc.ca/equipment.asp", "fee_person_min": 0.0, "altitude": 1630, "agency": 10, "fee_person_max": 10.0, "access": 2, "location": "POINT (-123.0853299999999990 49.6116699999999966)", "type": "Hut", "updated": "2012-07-18", "capacity_max": 10, "fee_hut_max": null, "location_accuracy": null, "photo_url": "", "capacity_hut_min": 10, "name": "Mountain Lake Hut", "created": "2012-07-18", "region": 11, "fee_hut_min": null, "capacity_hut_max": 10}}, {"pk": 51, "model": "huts.hut", "fields": {"reservations": 1, "num_structures": 1, "references": "http://bcmc.ca/equipment.asp, http://bivouac.com/FtrPg.asp?FtrId=3856", "hut_url": "http://bcmc.ca/equipment.asp", "fee_person_min": 0.0, "altitude": 1230, "agency": 10, "fee_person_max": 10.0, "access": 2, "location": "POINT (-123.2361099999999965 50.6452799999999996)", "type": "Hut", "updated": "2012-07-18", "capacity_max": 18, "fee_hut_max": null, "location_accuracy": null, "photo_url": "", "capacity_hut_min": 18, "name": "North Creek Hut", "created": "2012-07-18", "region": 11, "fee_hut_min": null, "capacity_hut_max": 18}}, {"pk": 52, "model": "huts.hut", "fields": {"reservations": 1, "num_structures": 1, "references": "http://bcmc.ca/equipment.asp, http://bivouac.com/FtrPg.asp?FtrId=659", "hut_url": "http://bcmc.ca/equipment.asp", "fee_person_min": 0.0, "altitude": 2680, "agency": 10, "fee_person_max": 10.0, "access": 2, "location": "POINT (-125.1650000000000063 51.3733000000000004)", "type": "Hut", "updated": "2012-07-18", "capacity_max": 8, "fee_hut_max": null, "location_accuracy": null, "photo_url": "", "capacity_hut_min": 8, "name": "Plummer Hut", "created": "2012-07-18", "region": 11, "fee_hut_min": null, "capacity_hut_max": 8}}, {"pk": 53, "model": "huts.hut", "fields": {"reservations": 1, "num_structures": 1, "references": "http://www.clubtread.com/routes/Route.aspx?Route=20, http://www.wta.org/go-hiking/trip-reports/trip_report.2012-02-06.0802649829", "hut_url": "http://www.clubtread.com/routes/Route.aspx?Route=20", "fee_person_min": 0.0, "altitude": null, "agency": 11, "fee_person_max": 0.0, "access": 2, "location": "POINT (-120.7546700000000044 49.0436300000000003)", "type": "Fire Lookout", "updated": "2012-07-18", "capacity_max": 10, "fee_hut_max": null, "location_accuracy": null, "photo_url": "", "capacity_hut_min": 10, "name": "Windy Joe Mountain Lookout", "created": "2012-07-18", "region": 12, "fee_hut_min": null, "capacity_hut_max": 10}}, {"pk": 1, "model": "huts.region", "fields": {"country": "US", "state": "Alaska", "region": "Chugach Mountains", "area": null}}, {"pk": 2, "model": "huts.region", "fields": {"country": "US", "state": "Alaska", "region": "Talkeetna Mountains", "area": null}}, {"pk": 3, "model": "huts.region", "fields": {"country": "US", "state": "Alaska", "region": "Coast Mountains", "area": null}}, {"pk": 4, "model": "huts.region", "fields": {"country": "US", "state": "Florida", "region": "Everglades", "area": null}}, {"pk": 5, "model": "huts.region", "fields": {"country": "US", "state": "Hawaii", "region": "Maui", "area": null}}, {"pk": 6, "model": "huts.region", "fields": {"country": "US", "state": "Hawaii", "region": "Hawai'i", "area": null}}, {"pk": 7, "model": "huts.region", "fields": {"country": "US", "state": "Washington", "region": "Cascade Range", "area": null}}, {"pk": 8, "model": "huts.region", "fields": {"country": "US", "state": "Washington", "region": "Selkirk Mountains", "area": null}}, {"pk": 9, "model": "huts.region", "fields": {"country": "CA", "state": "Alberta", "region": "Canadian Rockies", "area": null}}, {"pk": 10, "model": "huts.region", "fields": {"country": "CA", "state": "British Columbia", "region": "Canadian Rockies", "area": null}}, {"pk": 11, "model": "huts.region", "fields": {"country": "CA", "state": "British Columbia", "region": "Coast Mountains", "area": null}}, {"pk": 12, "model": "huts.region", "fields": {"country": "CA", "state": "British Columbia", "region": "Cascade Range", "area": null}}, {"pk": 1, "model": "huts.agency", "fields": {"url": "http://www.mtnclubak.org/", "name": "Mountaineering Club of Alaska"}}, {"pk": 2, "model": "huts.agency", "fields": {"url": "http://www.fs.usda.gov/main/chugach/home", "name": "USFS: Chugach National Forest"}}, {"pk": 3, "model": "huts.agency", "fields": {"url": "http://www.fs.fed.us/r10/tongass/", "name": "USFS: Tongass National Forest"}}, {"pk": 4, "model": "huts.agency", "fields": {"url": "http://www.nps.gov/ever/", "name": "NPS: Everglades National Park"}}, {"pk": 5, "model": "huts.agency", "fields": {"url": "http://www.nps.gov/hale/", "name": "NPS: Haleakala National Park"}}, {"pk": 6, "model": "huts.agency", "fields": {"url": "http://www.nps.gov/havo/", "name": "NPS: Hawai'i Volcanoes National Park"}}, {"pk": 7, "model": "huts.agency", "fields": {"url": "http://www.fs.usda.gov/main/mbs/home", "name": "USFS: Mount Baker-Snoqualmie National Forest"}}, {"pk": 8, "model": "huts.agency", "fields": {"url": "http://www.parks.wa.gov/parks/?selectedpark=Mount%20Spokane", "name": "WA State Parks: Mount Spokane State Park"}}, {"pk": 9, "model": "huts.agency", "fields": {"url": "http://www.alpineclubofcanada.ca/", "name": "Alpine Club of Canada"}}, {"pk": 10, "model": "huts.agency", "fields": {"url": "http://bcmc.ca/", "name": "BC Mountaineering Club"}}, {"pk": 11, "model": "huts.agency", "fields": {"url": "http://www.env.gov.bc.ca/bcparks/explore/parkpgs/ecmanning/", "name": "BC Parks: E. C. Manning Provincial Park"}}, {"pk": "Caboose", "model": "huts.huttype", "fields": {}}, {"pk": "Chickee", "model": "huts.huttype", "fields": {}}, {"pk": "Fire Lookout", "model": "huts.huttype", "fields": {}}, {"pk": "Hut", "model": "huts.huttype", "fields": {}}, {"pk": 22, "model": "auth.permission", "fields": {"codename": "add_logentry", "name": "Can add log entry", "content_type": 8}}, {"pk": 23, "model": "auth.permission", "fields": {"codename": "change_logentry", "name": "Can change log entry", "content_type": 8}}, {"pk": 24, "model": "auth.permission", "fields": {"codename": "delete_logentry", "name": "Can delete log entry", "content_type": 8}}, {"pk": 4, "model": "auth.permission", "fields": {"codename": "add_group", "name": "Can add group", "content_type": 2}}, {"pk": 5, "model": "auth.permission", "fields": {"codename": "change_group", "name": "Can change group", "content_type": 2}}, {"pk": 6, "model": "auth.permission", "fields": {"codename": "delete_group", "name": "Can delete group", "content_type": 2}}, {"pk": 10, "model": "auth.permission", "fields": {"codename": "add_message", "name": "Can add message", "content_type": 4}}, {"pk": 11, "model": "auth.permission", "fields": {"codename": "change_message", "name": "Can change message", "content_type": 4}}, {"pk": 12, "model": "auth.permission", "fields": {"codename": "delete_message", "name": "Can delete message", "content_type": 4}}, {"pk": 1, "model": "auth.permission", "fields": {"codename": "add_permission", "name": "Can add permission", "content_type": 1}}, {"pk": 2, "model": "auth.permission", "fields": {"codename": "change_permission", "name": "Can change permission", "content_type": 1}}, {"pk": 3, "model": "auth.permission", "fields": {"codename": "delete_permission", "name": "Can delete permission", "content_type": 1}}, {"pk": 7, "model": "auth.permission", "fields": {"codename": "add_user", "name": "Can add user", "content_type": 3}}, {"pk": 8, "model": "auth.permission", "fields": {"codename": "change_user", "name": "Can change user", "content_type": 3}}, {"pk": 9, "model": "auth.permission", "fields": {"codename": "delete_user", "name": "Can delete user", "content_type": 3}}, {"pk": 13, "model": "auth.permission", "fields": {"codename": "add_contenttype", "name": "Can add content type", "content_type": 5}}, {"pk": 14, "model": "auth.permission", "fields": {"codename": "change_contenttype", "name": "Can change content type", "content_type": 5}}, {"pk": 15, "model": "auth.permission", "fields": {"codename": "delete_contenttype", "name": "Can delete content type", "content_type": 5}}, {"pk": 40, "model": "auth.permission", "fields": {"codename": "add_agency", "name": "Can add agency", "content_type": 14}}, {"pk": 41, "model": "auth.permission", "fields": {"codename": "change_agency", "name": "Can change agency", "content_type": 14}}, {"pk": 42, "model": "auth.permission", "fields": {"codename": "delete_agency", "name": "Can delete agency", "content_type": 14}}, {"pk": 34, "model": "auth.permission", "fields": {"codename": "add_hut", "name": "Can add hut", "content_type": 12}}, {"pk": 35, "model": "auth.permission", "fields": {"codename": "change_hut", "name": "Can change hut", "content_type": 12}}, {"pk": 36, "model": "auth.permission", "fields": {"codename": "delete_hut", "name": "Can delete hut", "content_type": 12}}, {"pk": 43, "model": "auth.permission", "fields": {"codename": "add_huttype", "name": "Can add hut type", "content_type": 15}}, {"pk": 44, "model": "auth.permission", "fields": {"codename": "change_huttype", "name": "Can change hut type", "content_type": 15}}, {"pk": 45, "model": "auth.permission", "fields": {"codename": "delete_huttype", "name": "Can delete hut type", "content_type": 15}}, {"pk": 37, "model": "auth.permission", "fields": {"codename": "add_region", "name": "Can add region", "content_type": 13}}, {"pk": 38, "model": "auth.permission", "fields": {"codename": "change_region", "name": "Can change region", "content_type": 13}}, {"pk": 39, "model": "auth.permission", "fields": {"codename": "delete_region", "name": "Can delete region", "content_type": 13}}, {"pk": 28, "model": "auth.permission", "fields": {"codename": "add_choice", "name": "Can add choice", "content_type": 10}}, {"pk": 29, "model": "auth.permission", "fields": {"codename": "change_choice", "name": "Can change choice", "content_type": 10}}, {"pk": 30, "model": "auth.permission", "fields": {"codename": "delete_choice", "name": "Can delete choice", "content_type": 10}}, {"pk": 25, "model": "auth.permission", "fields": {"codename": "add_poll", "name": "Can add poll", "content_type": 9}}, {"pk": 26, "model": "auth.permission", "fields": {"codename": "change_poll", "name": "Can change poll", "content_type": 9}}, {"pk": 27, "model": "auth.permission", "fields": {"codename": "delete_poll", "name": "Can delete poll", "content_type": 9}}, {"pk": 16, "model": "auth.permission", "fields": {"codename": "add_session", "name": "Can add session", "content_type": 6}}, {"pk": 17, "model": "auth.permission", "fields": {"codename": "change_session", "name": "Can change session", "content_type": 6}}, {"pk": 18, "model": "auth.permission", "fields": {"codename": "delete_session", "name": "Can delete session", "content_type": 6}}, {"pk": 19, "model": "auth.permission", "fields": {"codename": "add_site", "name": "Can add site", "content_type": 7}}, {"pk": 20, "model": "auth.permission", "fields": {"codename": "change_site", "name": "Can change site", "content_type": 7}}, {"pk": 21, "model": "auth.permission", "fields": {"codename": "delete_site", "name": "Can delete site", "content_type": 7}}, {"pk": 31, "model": "auth.permission", "fields": {"codename": "add_worldborders", "name": "Can add world borders", "content_type": 11}}, {"pk": 32, "model": "auth.permission", "fields": {"codename": "change_worldborders", "name": "Can change world borders", "content_type": 11}}, {"pk": 33, "model": "auth.permission", "fields": {"codename": "delete_worldborders", "name": "Can delete world borders", "content_type": 11}}, {"pk": 1, "model": "auth.user", "fields": {"username": "hutmap", "first_name": "", "last_name": "", "is_active": 1, "is_superuser": 1, "is_staff": 1, "last_login": "2012-07-17 20:39:38", "groups": [], "user_permissions": [], "password": "sha1$33b6d$fe5269ac16c88e7d6779b8863ad67f75407ded1d", "email": "webmaster@hutmap.com", "date_joined": "2012-07-17 20:34:24"}}]